"pobs_1","pobs_2","pscale","lambda_con","kappa_con","proportion","date_first","proportion_after_wavesplit","date_first_after_wavesplit","proportion_before_ft","date_first_above_10","date_first_above_5","date_first_below_10","date_first_below_5","index_i","converges","below_5","below_10","index_column"
0.1,0.1,1.9,1.06651340343025,1.1475530978281,0.503649635036496,73,0.866666666666667,11,0.0722543352601156,NA,NA,NA,318,1,FALSE,FALSE,TRUE,1
0.1,0.1,2,1.06651340343025,1.1475530978281,0.532846715328467,71,0.92,9,0.0722543352601156,NA,NA,NA,318,1,FALSE,FALSE,TRUE,1
0.1,0.1,2.1,1.06651340343025,1.1475530978281,0.532846715328467,71,0.92,9,0.0722543352601156,NA,NA,NA,318,1,FALSE,FALSE,TRUE,1
0.1,0.1,2.2,1.06651340343025,1.1475530978281,0.532846715328467,71,0.92,9,0.0722543352601156,NA,NA,NA,318,1,FALSE,FALSE,TRUE,1
0.1,0.1,2.3,1.06651340343025,1.1475530978281,0.54014598540146,71,0.933333333333333,9,0.0722543352601156,NA,NA,NA,318,1,FALSE,FALSE,TRUE,1
0.1,0.1,2.4,1.06651340343025,1.1475530978281,0.54014598540146,71,0.933333333333333,9,0.0722543352601156,NA,NA,NA,318,1,FALSE,FALSE,TRUE,1
0.1,0.1,2.5,1.06651340343025,1.1475530978281,0.547445255474453,71,0.946666666666667,9,0.0722543352601156,NA,NA,NA,318,1,FALSE,FALSE,TRUE,1
0.1,0.1,2.6,1.06651340343025,1.1475530978281,0.547445255474453,71,0.946666666666667,9,0.0722543352601156,NA,NA,NA,318,1,FALSE,FALSE,TRUE,1
0.1,0.1,2.7,1.06651340343025,1.1475530978281,0.547445255474453,71,0.946666666666667,9,0.0722543352601156,NA,NA,NA,318,1,FALSE,FALSE,TRUE,1
0.1,0.1,2.8,1.06651340343025,1.1475530978281,0.547445255474453,71,0.946666666666667,9,0.0722543352601156,NA,NA,NA,318,1,FALSE,FALSE,TRUE,1
0.1,0.1,1,1.06651340343025,1.1475530978281,0.116788321167883,129,0.16,67,0.0722543352601156,NA,NA,NA,318,1,FALSE,FALSE,TRUE,1
0.1,0.1,2.9,1.06651340343025,1.1475530978281,0.547445255474453,71,0.946666666666667,9,0.0722543352601156,NA,NA,NA,318,1,FALSE,FALSE,TRUE,1
0.1,0.1,3,1.06651340343025,1.1475530978281,0.547445255474453,71,0.946666666666667,9,0.0722543352601156,NA,NA,NA,318,1,FALSE,FALSE,TRUE,1
0.1,0.1,1.7,1.06651340343025,1.1475530978281,0.489051094890511,73,0.84,11,0.0722543352601156,NA,NA,NA,318,1,FALSE,FALSE,TRUE,1
0.1,0.1,1.8,1.06651340343025,1.1475530978281,0.503649635036496,73,0.866666666666667,11,0.0722543352601156,NA,NA,NA,318,1,FALSE,FALSE,TRUE,1
0.1,0.1,1.4,1.06651340343025,1.1475530978281,0.343065693430657,106,0.573333333333333,44,0.0722543352601156,NA,NA,NA,318,1,FALSE,FALSE,TRUE,1
0.1,0.1,1.5,1.06651340343025,1.1475530978281,0.401459854014599,89,0.68,27,0.0722543352601156,NA,NA,NA,318,1,FALSE,FALSE,TRUE,1
0.1,0.1,1.1,1.06651340343025,1.1475530978281,0.182481751824818,128,0.28,66,0.0722543352601156,NA,NA,NA,318,1,FALSE,FALSE,TRUE,1
0.1,0.1,1.3,1.06651340343025,1.1475530978281,0.306569343065693,106,0.506666666666667,44,0.0722543352601156,NA,NA,NA,318,1,FALSE,FALSE,TRUE,1
0.1,0.1,1.2,1.06651340343025,1.1475530978281,0.240875912408759,106,0.386666666666667,44,0.0722543352601156,NA,NA,NA,318,1,FALSE,FALSE,TRUE,1
0.1,0.1,1.6,1.06651340343025,1.1475530978281,0.452554744525547,89,0.773333333333333,27,0.0722543352601156,NA,NA,NA,318,1,FALSE,FALSE,TRUE,1
0.1,0.2,1.6,1.03464249779117,1.00775062261686,0.452554744525547,73,0.826666666666667,11,0.0520231213872832,NA,NA,NA,NA,22,TRUE,TRUE,TRUE,2
0.1,0.2,1.7,1.03464249779117,1.00775062261686,0.481751824817518,71,0.88,9,0.0520231213872832,NA,NA,NA,NA,22,TRUE,TRUE,TRUE,2
0.1,0.2,1.9,1.03464249779117,1.00775062261686,0.510948905109489,71,0.933333333333333,9,0.0520231213872832,NA,NA,NA,NA,22,TRUE,TRUE,TRUE,2
0.1,0.2,2,1.03464249779117,1.00775062261686,0.510948905109489,71,0.933333333333333,9,0.0520231213872832,NA,NA,NA,NA,22,TRUE,TRUE,TRUE,2
0.1,0.2,2.6,1.03464249779117,1.00775062261686,0.518248175182482,71,0.946666666666667,9,0.0520231213872832,NA,NA,NA,NA,22,TRUE,TRUE,TRUE,2
0.1,0.2,1,1.03464249779117,1.00775062261686,0.0364963503649635,NA,0.0666666666666667,NA,0.0520231213872832,NA,NA,NA,NA,22,TRUE,TRUE,TRUE,2
0.1,0.2,1.2,1.03464249779117,1.00775062261686,0.131386861313869,129,0.24,67,0.0520231213872832,NA,NA,NA,NA,22,TRUE,TRUE,TRUE,2
0.1,0.2,2.4,1.03464249779117,1.00775062261686,0.518248175182482,71,0.946666666666667,9,0.0520231213872832,NA,NA,NA,NA,22,TRUE,TRUE,TRUE,2
0.1,0.2,2.5,1.03464249779117,1.00775062261686,0.518248175182482,71,0.946666666666667,9,0.0520231213872832,NA,NA,NA,NA,22,TRUE,TRUE,TRUE,2
0.1,0.2,2.7,1.03464249779117,1.00775062261686,0.525547445255474,70,0.96,8,0.0520231213872832,NA,NA,NA,NA,22,TRUE,TRUE,TRUE,2
0.1,0.2,2.8,1.03464249779117,1.00775062261686,0.525547445255474,70,0.96,8,0.0520231213872832,NA,NA,NA,NA,22,TRUE,TRUE,TRUE,2
0.1,0.2,2.9,1.03464249779117,1.00775062261686,0.525547445255474,70,0.96,8,0.0520231213872832,NA,NA,NA,NA,22,TRUE,TRUE,TRUE,2
0.1,0.2,1.1,1.03464249779117,1.00775062261686,0.0583941605839416,NA,0.106666666666667,NA,0.0520231213872832,NA,NA,NA,NA,22,TRUE,TRUE,TRUE,2
0.1,0.2,1.3,1.03464249779117,1.00775062261686,0.218978102189781,106,0.4,44,0.0520231213872832,NA,NA,NA,NA,22,TRUE,TRUE,TRUE,2
0.1,0.2,1.4,1.03464249779117,1.00775062261686,0.255474452554745,106,0.466666666666667,44,0.0520231213872832,NA,NA,NA,NA,22,TRUE,TRUE,TRUE,2
0.1,0.2,1.5,1.03464249779117,1.00775062261686,0.372262773722628,89,0.68,27,0.0520231213872832,NA,NA,NA,NA,22,TRUE,TRUE,TRUE,2
0.1,0.2,1.8,1.03464249779117,1.00775062261686,0.503649635036496,71,0.92,9,0.0520231213872832,NA,NA,NA,NA,22,TRUE,TRUE,TRUE,2
0.1,0.2,2.1,1.03464249779117,1.00775062261686,0.510948905109489,71,0.933333333333333,9,0.0520231213872832,NA,NA,NA,NA,22,TRUE,TRUE,TRUE,2
0.1,0.2,2.2,1.03464249779117,1.00775062261686,0.510948905109489,71,0.933333333333333,9,0.0520231213872832,NA,NA,NA,NA,22,TRUE,TRUE,TRUE,2
0.1,0.2,2.3,1.03464249779117,1.00775062261686,0.518248175182482,71,0.946666666666667,9,0.0520231213872832,NA,NA,NA,NA,22,TRUE,TRUE,TRUE,2
0.1,0.2,3,1.03464249779117,1.00775062261686,0.525547445255474,70,0.96,8,0.0520231213872832,NA,NA,NA,NA,22,TRUE,TRUE,TRUE,2
0.1,0.3,1,1.03113681140181,1.00699920298513,0.0656934306569343,129,0.12,67,0.0606936416184971,NA,NA,NA,NA,43,TRUE,TRUE,TRUE,3
0.1,0.3,1.1,1.03113681140181,1.00699920298513,0.116788321167883,129,0.213333333333333,67,0.0606936416184971,NA,NA,NA,NA,43,TRUE,TRUE,TRUE,3
0.1,0.3,1.2,1.03113681140181,1.00699920298513,0.204379562043796,114,0.373333333333333,52,0.0606936416184971,NA,NA,NA,NA,43,TRUE,TRUE,TRUE,3
0.1,0.3,1.3,1.03113681140181,1.00699920298513,0.284671532846715,106,0.52,44,0.0606936416184971,NA,NA,NA,NA,43,TRUE,TRUE,TRUE,3
0.1,0.3,1.4,1.03113681140181,1.00699920298513,0.394160583941606,73,0.72,11,0.0606936416184971,NA,NA,NA,NA,43,TRUE,TRUE,TRUE,3
0.1,0.3,1.5,1.03113681140181,1.00699920298513,0.430656934306569,73,0.786666666666667,11,0.0606936416184971,NA,NA,NA,NA,43,TRUE,TRUE,TRUE,3
0.1,0.3,1.6,1.03113681140181,1.00699920298513,0.481751824817518,71,0.88,9,0.0606936416184971,NA,NA,NA,NA,43,TRUE,TRUE,TRUE,3
0.1,0.3,1.7,1.03113681140181,1.00699920298513,0.510948905109489,71,0.933333333333333,9,0.0606936416184971,NA,NA,NA,NA,43,TRUE,TRUE,TRUE,3
0.1,0.3,1.8,1.03113681140181,1.00699920298513,0.510948905109489,71,0.933333333333333,9,0.0606936416184971,NA,NA,NA,NA,43,TRUE,TRUE,TRUE,3
0.1,0.3,1.9,1.03113681140181,1.00699920298513,0.510948905109489,71,0.933333333333333,9,0.0606936416184971,NA,NA,NA,NA,43,TRUE,TRUE,TRUE,3
0.1,0.3,2,1.03113681140181,1.00699920298513,0.518248175182482,71,0.946666666666667,9,0.0606936416184971,NA,NA,NA,NA,43,TRUE,TRUE,TRUE,3
0.1,0.3,2.1,1.03113681140181,1.00699920298513,0.518248175182482,71,0.946666666666667,9,0.0606936416184971,NA,NA,NA,NA,43,TRUE,TRUE,TRUE,3
0.1,0.3,2.2,1.03113681140181,1.00699920298513,0.518248175182482,71,0.946666666666667,9,0.0606936416184971,NA,NA,NA,NA,43,TRUE,TRUE,TRUE,3
0.1,0.3,2.3,1.03113681140181,1.00699920298513,0.525547445255474,70,0.96,8,0.0606936416184971,NA,NA,NA,NA,43,TRUE,TRUE,TRUE,3
0.1,0.3,2.4,1.03113681140181,1.00699920298513,0.525547445255474,70,0.96,8,0.0606936416184971,NA,NA,NA,NA,43,TRUE,TRUE,TRUE,3
0.1,0.3,2.5,1.03113681140181,1.00699920298513,0.525547445255474,70,0.96,8,0.0606936416184971,NA,NA,NA,NA,43,TRUE,TRUE,TRUE,3
0.1,0.3,2.6,1.03113681140181,1.00699920298513,0.532846715328467,69,0.973333333333333,7,0.0606936416184971,NA,NA,NA,NA,43,TRUE,TRUE,TRUE,3
0.1,0.3,2.7,1.03113681140181,1.00699920298513,0.532846715328467,69,0.973333333333333,7,0.0606936416184971,NA,NA,NA,NA,43,TRUE,TRUE,TRUE,3
0.1,0.3,2.8,1.03113681140181,1.00699920298513,0.532846715328467,69,0.973333333333333,7,0.0606936416184971,NA,NA,NA,NA,43,TRUE,TRUE,TRUE,3
0.1,0.3,2.9,1.03113681140181,1.00699920298513,0.532846715328467,69,0.973333333333333,7,0.0606936416184971,NA,NA,NA,NA,43,TRUE,TRUE,TRUE,3
0.1,0.3,3,1.03113681140181,1.00699920298513,0.532846715328467,69,0.973333333333333,7,0.0606936416184971,NA,NA,NA,NA,43,TRUE,TRUE,TRUE,3
0.1,0.4,1.1,1.02084644736349,1.00428113061864,0.145985401459854,117,0.266666666666667,55,0.0606936416184971,NA,NA,NA,NA,64,TRUE,TRUE,TRUE,4
0.1,0.4,1.2,1.02084644736349,1.00428113061864,0.27007299270073,71,0.493333333333333,9,0.0606936416184971,NA,NA,NA,NA,64,TRUE,TRUE,TRUE,4
0.1,0.4,1.3,1.02084644736349,1.00428113061864,0.357664233576642,71,0.653333333333333,9,0.0606936416184971,NA,NA,NA,NA,64,TRUE,TRUE,TRUE,4
0.1,0.4,1.5,1.02084644736349,1.00428113061864,0.489051094890511,70,0.893333333333333,8,0.0606936416184971,NA,NA,NA,NA,64,TRUE,TRUE,TRUE,4
0.1,0.4,1.6,1.02084644736349,1.00428113061864,0.525547445255474,69,0.96,7,0.0606936416184971,NA,NA,NA,NA,64,TRUE,TRUE,TRUE,4
0.1,0.4,1.7,1.02084644736349,1.00428113061864,0.525547445255474,69,0.96,7,0.0606936416184971,NA,NA,NA,NA,64,TRUE,TRUE,TRUE,4
0.1,0.4,1.4,1.02084644736349,1.00428113061864,0.416058394160584,71,0.76,9,0.0606936416184971,NA,NA,NA,NA,64,TRUE,TRUE,TRUE,4
0.1,0.4,1,1.02084644736349,1.00428113061864,0.0583941605839416,129,0.106666666666667,67,0.0606936416184971,NA,NA,NA,NA,64,TRUE,TRUE,TRUE,4
0.1,0.4,2.4,1.02084644736349,1.00428113061864,0.532846715328467,69,0.973333333333333,7,0.0606936416184971,NA,NA,NA,NA,64,TRUE,TRUE,TRUE,4
0.1,0.4,2.5,1.02084644736349,1.00428113061864,0.532846715328467,69,0.973333333333333,7,0.0606936416184971,NA,NA,NA,NA,64,TRUE,TRUE,TRUE,4
0.1,0.4,2.6,1.02084644736349,1.00428113061864,0.532846715328467,69,0.973333333333333,7,0.0606936416184971,NA,NA,NA,NA,64,TRUE,TRUE,TRUE,4
0.1,0.4,2.7,1.02084644736349,1.00428113061864,0.532846715328467,69,0.973333333333333,7,0.0606936416184971,NA,NA,NA,NA,64,TRUE,TRUE,TRUE,4
0.1,0.4,2.8,1.02084644736349,1.00428113061864,0.532846715328467,69,0.973333333333333,7,0.0606936416184971,NA,NA,NA,NA,64,TRUE,TRUE,TRUE,4
0.1,0.4,2.9,1.02084644736349,1.00428113061864,0.532846715328467,69,0.973333333333333,7,0.0606936416184971,NA,NA,NA,NA,64,TRUE,TRUE,TRUE,4
0.1,0.4,3,1.02084644736349,1.00428113061864,0.532846715328467,69,0.973333333333333,7,0.0606936416184971,NA,NA,NA,NA,64,TRUE,TRUE,TRUE,4
0.1,0.4,1.8,1.02084644736349,1.00428113061864,0.525547445255474,69,0.96,7,0.0606936416184971,NA,NA,NA,NA,64,TRUE,TRUE,TRUE,4
0.1,0.4,1.9,1.02084644736349,1.00428113061864,0.532846715328467,69,0.973333333333333,7,0.0606936416184971,NA,NA,NA,NA,64,TRUE,TRUE,TRUE,4
0.1,0.4,2,1.02084644736349,1.00428113061864,0.532846715328467,69,0.973333333333333,7,0.0606936416184971,NA,NA,NA,NA,64,TRUE,TRUE,TRUE,4
0.1,0.4,2.1,1.02084644736349,1.00428113061864,0.532846715328467,69,0.973333333333333,7,0.0606936416184971,NA,NA,NA,NA,64,TRUE,TRUE,TRUE,4
0.1,0.4,2.2,1.02084644736349,1.00428113061864,0.532846715328467,69,0.973333333333333,7,0.0606936416184971,NA,NA,NA,NA,64,TRUE,TRUE,TRUE,4
0.1,0.4,2.3,1.02084644736349,1.00428113061864,0.532846715328467,69,0.973333333333333,7,0.0606936416184971,NA,NA,NA,NA,64,TRUE,TRUE,TRUE,4
0.1,0.5,2.5,1.00608702319945,1.00314693222064,0.532846715328467,69,0.973333333333333,7,0.0549132947976879,NA,NA,NA,NA,85,TRUE,TRUE,TRUE,5
0.1,0.5,3,1.00608702319945,1.00314693222064,0.532846715328467,69,0.973333333333333,7,0.0549132947976879,NA,NA,NA,NA,85,TRUE,TRUE,TRUE,5
0.1,0.5,2.6,1.00608702319945,1.00314693222064,0.532846715328467,69,0.973333333333333,7,0.0549132947976879,NA,NA,NA,NA,85,TRUE,TRUE,TRUE,5
0.1,0.5,2.7,1.00608702319945,1.00314693222064,0.532846715328467,69,0.973333333333333,7,0.0549132947976879,NA,NA,NA,NA,85,TRUE,TRUE,TRUE,5
0.1,0.5,2.8,1.00608702319945,1.00314693222064,0.532846715328467,69,0.973333333333333,7,0.0549132947976879,NA,NA,NA,NA,85,TRUE,TRUE,TRUE,5
0.1,0.5,2.9,1.00608702319945,1.00314693222064,0.532846715328467,69,0.973333333333333,7,0.0549132947976879,NA,NA,NA,NA,85,TRUE,TRUE,TRUE,5
0.1,0.5,1,1.00608702319945,1.00314693222064,0.0437956204379562,129,0.08,67,0.0549132947976879,NA,NA,NA,NA,85,TRUE,TRUE,TRUE,5
0.1,0.5,1.1,1.00608702319945,1.00314693222064,0.138686131386861,94,0.253333333333333,32,0.0549132947976879,NA,NA,NA,NA,85,TRUE,TRUE,TRUE,5
0.1,0.5,1.3,1.00608702319945,1.00314693222064,0.328467153284672,93,0.6,31,0.0549132947976879,NA,NA,NA,NA,85,TRUE,TRUE,TRUE,5
0.1,0.5,1.4,1.00608702319945,1.00314693222064,0.416058394160584,71,0.76,9,0.0549132947976879,NA,NA,NA,NA,85,TRUE,TRUE,TRUE,5
0.1,0.5,1.2,1.00608702319945,1.00314693222064,0.211678832116788,94,0.386666666666667,32,0.0549132947976879,NA,NA,NA,NA,85,TRUE,TRUE,TRUE,5
0.1,0.5,1.8,1.00608702319945,1.00314693222064,0.532846715328467,69,0.973333333333333,7,0.0549132947976879,NA,NA,NA,NA,85,TRUE,TRUE,TRUE,5
0.1,0.5,1.9,1.00608702319945,1.00314693222064,0.532846715328467,69,0.973333333333333,7,0.0549132947976879,NA,NA,NA,NA,85,TRUE,TRUE,TRUE,5
0.1,0.5,2.2,1.00608702319945,1.00314693222064,0.532846715328467,69,0.973333333333333,7,0.0549132947976879,NA,NA,NA,NA,85,TRUE,TRUE,TRUE,5
0.1,0.5,2.3,1.00608702319945,1.00314693222064,0.532846715328467,69,0.973333333333333,7,0.0549132947976879,NA,NA,NA,NA,85,TRUE,TRUE,TRUE,5
0.1,0.5,2.4,1.00608702319945,1.00314693222064,0.532846715328467,69,0.973333333333333,7,0.0549132947976879,NA,NA,NA,NA,85,TRUE,TRUE,TRUE,5
0.1,0.5,1.6,1.00608702319945,1.00314693222064,0.510948905109489,71,0.933333333333333,9,0.0549132947976879,NA,NA,NA,NA,85,TRUE,TRUE,TRUE,5
0.1,0.5,1.7,1.00608702319945,1.00314693222064,0.518248175182482,71,0.946666666666667,9,0.0549132947976879,NA,NA,NA,NA,85,TRUE,TRUE,TRUE,5
0.1,0.5,2,1.00608702319945,1.00314693222064,0.532846715328467,69,0.973333333333333,7,0.0549132947976879,NA,NA,NA,NA,85,TRUE,TRUE,TRUE,5
0.1,0.5,1.5,1.00608702319945,1.00314693222064,0.452554744525547,71,0.826666666666667,9,0.0549132947976879,NA,NA,NA,NA,85,TRUE,TRUE,TRUE,5
0.1,0.5,2.1,1.00608702319945,1.00314693222064,0.532846715328467,69,0.973333333333333,7,0.0549132947976879,NA,NA,NA,NA,85,TRUE,TRUE,TRUE,5
0.2,0.1,1,1.04444069274661,1.003279059611,0.0510948905109489,NA,0.0933333333333333,NA,0.0578034682080925,NA,NA,NA,NA,106,TRUE,TRUE,TRUE,6
0.2,0.1,1.2,1.04444069274661,1.003279059611,0.226277372262774,109,0.413333333333333,47,0.0578034682080925,NA,NA,NA,NA,106,TRUE,TRUE,TRUE,6
0.2,0.1,1.3,1.04444069274661,1.003279059611,0.321167883211679,71,0.586666666666667,9,0.0578034682080925,NA,NA,NA,NA,106,TRUE,TRUE,TRUE,6
0.2,0.1,1.4,1.04444069274661,1.003279059611,0.364963503649635,71,0.666666666666667,9,0.0578034682080925,NA,NA,NA,NA,106,TRUE,TRUE,TRUE,6
0.2,0.1,1.1,1.04444069274661,1.003279059611,0.116788321167883,109,0.213333333333333,47,0.0578034682080925,NA,NA,NA,NA,106,TRUE,TRUE,TRUE,6
0.2,0.1,2.9,1.04444069274661,1.003279059611,0.532846715328467,69,0.973333333333333,7,0.0578034682080925,NA,NA,NA,NA,106,TRUE,TRUE,TRUE,6
0.2,0.1,3,1.04444069274661,1.003279059611,0.532846715328467,69,0.973333333333333,7,0.0578034682080925,NA,NA,NA,NA,106,TRUE,TRUE,TRUE,6
0.2,0.1,1.6,1.04444069274661,1.003279059611,0.496350364963504,69,0.906666666666667,7,0.0578034682080925,NA,NA,NA,NA,106,TRUE,TRUE,TRUE,6
0.2,0.1,1.7,1.04444069274661,1.003279059611,0.518248175182482,69,0.946666666666667,7,0.0578034682080925,NA,NA,NA,NA,106,TRUE,TRUE,TRUE,6
0.2,0.1,1.8,1.04444069274661,1.003279059611,0.532846715328467,69,0.973333333333333,7,0.0578034682080925,NA,NA,NA,NA,106,TRUE,TRUE,TRUE,6
0.2,0.1,1.9,1.04444069274661,1.003279059611,0.532846715328467,69,0.973333333333333,7,0.0578034682080925,NA,NA,NA,NA,106,TRUE,TRUE,TRUE,6
0.2,0.1,2,1.04444069274661,1.003279059611,0.532846715328467,69,0.973333333333333,7,0.0578034682080925,NA,NA,NA,NA,106,TRUE,TRUE,TRUE,6
0.2,0.1,2.1,1.04444069274661,1.003279059611,0.532846715328467,69,0.973333333333333,7,0.0578034682080925,NA,NA,NA,NA,106,TRUE,TRUE,TRUE,6
0.2,0.1,2.2,1.04444069274661,1.003279059611,0.532846715328467,69,0.973333333333333,7,0.0578034682080925,NA,NA,NA,NA,106,TRUE,TRUE,TRUE,6
0.2,0.1,2.3,1.04444069274661,1.003279059611,0.532846715328467,69,0.973333333333333,7,0.0578034682080925,NA,NA,NA,NA,106,TRUE,TRUE,TRUE,6
0.2,0.1,2.4,1.04444069274661,1.003279059611,0.532846715328467,69,0.973333333333333,7,0.0578034682080925,NA,NA,NA,NA,106,TRUE,TRUE,TRUE,6
0.2,0.1,2.5,1.04444069274661,1.003279059611,0.532846715328467,69,0.973333333333333,7,0.0578034682080925,NA,NA,NA,NA,106,TRUE,TRUE,TRUE,6
0.2,0.1,2.6,1.04444069274661,1.003279059611,0.532846715328467,69,0.973333333333333,7,0.0578034682080925,NA,NA,NA,NA,106,TRUE,TRUE,TRUE,6
0.2,0.1,2.7,1.04444069274661,1.003279059611,0.532846715328467,69,0.973333333333333,7,0.0578034682080925,NA,NA,NA,NA,106,TRUE,TRUE,TRUE,6
0.2,0.1,1.5,1.04444069274661,1.003279059611,0.445255474452555,69,0.813333333333333,7,0.0578034682080925,NA,NA,NA,NA,106,TRUE,TRUE,TRUE,6
0.2,0.1,2.8,1.04444069274661,1.003279059611,0.532846715328467,69,0.973333333333333,7,0.0578034682080925,NA,NA,NA,NA,106,TRUE,TRUE,TRUE,6
0.2,0.2,1.1,1.0176374267535,1.00387814468973,0.0583941605839416,NA,0.106666666666667,NA,0.0520231213872832,NA,NA,NA,NA,127,TRUE,TRUE,TRUE,7
0.2,0.2,1.2,1.0176374267535,1.00387814468973,0.116788321167883,129,0.213333333333333,67,0.0520231213872832,NA,NA,NA,NA,127,TRUE,TRUE,TRUE,7
0.2,0.2,1.3,1.0176374267535,1.00387814468973,0.218978102189781,70,0.4,8,0.0520231213872832,NA,NA,NA,NA,127,TRUE,TRUE,TRUE,7
0.2,0.2,1,1.0176374267535,1.00387814468973,0.0072992700729927,NA,0.0133333333333333,NA,0.0520231213872832,NA,NA,NA,NA,127,TRUE,TRUE,TRUE,7
0.2,0.2,1.5,1.0176374267535,1.00387814468973,0.372262773722628,69,0.68,7,0.0520231213872832,NA,NA,NA,NA,127,TRUE,TRUE,TRUE,7
0.2,0.2,1.6,1.0176374267535,1.00387814468973,0.452554744525547,69,0.826666666666667,7,0.0520231213872832,NA,NA,NA,NA,127,TRUE,TRUE,TRUE,7
0.2,0.2,1.7,1.0176374267535,1.00387814468973,0.503649635036496,69,0.92,7,0.0520231213872832,NA,NA,NA,NA,127,TRUE,TRUE,TRUE,7
0.2,0.2,1.4,1.0176374267535,1.00387814468973,0.255474452554745,70,0.466666666666667,8,0.0520231213872832,NA,NA,NA,NA,127,TRUE,TRUE,TRUE,7
0.2,0.2,1.9,1.0176374267535,1.00387814468973,0.532846715328467,69,0.973333333333333,7,0.0520231213872832,NA,NA,NA,NA,127,TRUE,TRUE,TRUE,7
0.2,0.2,2,1.0176374267535,1.00387814468973,0.532846715328467,69,0.973333333333333,7,0.0520231213872832,NA,NA,NA,NA,127,TRUE,TRUE,TRUE,7
0.2,0.2,2.1,1.0176374267535,1.00387814468973,0.532846715328467,69,0.973333333333333,7,0.0520231213872832,NA,NA,NA,NA,127,TRUE,TRUE,TRUE,7
0.2,0.2,1.8,1.0176374267535,1.00387814468973,0.532846715328467,69,0.973333333333333,7,0.0520231213872832,NA,NA,NA,NA,127,TRUE,TRUE,TRUE,7
0.2,0.2,2.3,1.0176374267535,1.00387814468973,0.532846715328467,69,0.973333333333333,7,0.0520231213872832,NA,NA,NA,NA,127,TRUE,TRUE,TRUE,7
0.2,0.2,2.4,1.0176374267535,1.00387814468973,0.532846715328467,69,0.973333333333333,7,0.0520231213872832,NA,NA,NA,NA,127,TRUE,TRUE,TRUE,7
0.2,0.2,2.5,1.0176374267535,1.00387814468973,0.532846715328467,69,0.973333333333333,7,0.0520231213872832,NA,NA,NA,NA,127,TRUE,TRUE,TRUE,7
0.2,0.2,2.6,1.0176374267535,1.00387814468973,0.54014598540146,68,0.986666666666667,6,0.0520231213872832,NA,NA,NA,NA,127,TRUE,TRUE,TRUE,7
0.2,0.2,2.7,1.0176374267535,1.00387814468973,0.54014598540146,68,0.986666666666667,6,0.0520231213872832,NA,NA,NA,NA,127,TRUE,TRUE,TRUE,7
0.2,0.2,2.8,1.0176374267535,1.00387814468973,0.54014598540146,68,0.986666666666667,6,0.0520231213872832,NA,NA,NA,NA,127,TRUE,TRUE,TRUE,7
0.2,0.2,2.9,1.0176374267535,1.00387814468973,0.54014598540146,68,0.986666666666667,6,0.0520231213872832,NA,NA,NA,NA,127,TRUE,TRUE,TRUE,7
0.2,0.2,3,1.0176374267535,1.00387814468973,0.54014598540146,68,0.986666666666667,6,0.0520231213872832,NA,NA,NA,NA,127,TRUE,TRUE,TRUE,7
0.2,0.2,2.2,1.0176374267535,1.00387814468973,0.532846715328467,69,0.973333333333333,7,0.0520231213872832,NA,NA,NA,NA,127,TRUE,TRUE,TRUE,7
0.2,0.3,1.1,1.02480182611341,1.0045410513752,0.0802919708029197,71,0.133333333333333,9,0.0404624277456647,NA,NA,NA,NA,148,TRUE,TRUE,TRUE,8
0.2,0.3,1.2,1.02480182611341,1.0045410513752,0.167883211678832,71,0.293333333333333,9,0.0404624277456647,NA,NA,NA,NA,148,TRUE,TRUE,TRUE,8
0.2,0.3,1.3,1.02480182611341,1.0045410513752,0.248175182481752,71,0.44,9,0.0404624277456647,NA,NA,NA,NA,148,TRUE,TRUE,TRUE,8
0.2,0.3,1,1.02480182611341,1.0045410513752,0.0145985401459854,NA,0.0133333333333333,NA,0.0404624277456647,NA,NA,NA,NA,148,TRUE,TRUE,TRUE,8
0.2,0.3,2.8,1.02480182611341,1.0045410513752,0.54014598540146,69,0.973333333333333,7,0.0404624277456647,NA,NA,NA,NA,148,TRUE,TRUE,TRUE,8
0.2,0.3,2.9,1.02480182611341,1.0045410513752,0.54014598540146,69,0.973333333333333,7,0.0404624277456647,NA,NA,NA,NA,148,TRUE,TRUE,TRUE,8
0.2,0.3,3,1.02480182611341,1.0045410513752,0.54014598540146,69,0.973333333333333,7,0.0404624277456647,NA,NA,NA,NA,148,TRUE,TRUE,TRUE,8
0.2,0.3,1.7,1.02480182611341,1.0045410513752,0.496350364963504,69,0.893333333333333,7,0.0404624277456647,NA,NA,NA,NA,148,TRUE,TRUE,TRUE,8
0.2,0.3,1.8,1.02480182611341,1.0045410513752,0.532846715328467,70,0.96,8,0.0404624277456647,NA,NA,NA,NA,148,TRUE,TRUE,TRUE,8
0.2,0.3,1.9,1.02480182611341,1.0045410513752,0.54014598540146,69,0.973333333333333,7,0.0404624277456647,NA,NA,NA,NA,148,TRUE,TRUE,TRUE,8
0.2,0.3,2,1.02480182611341,1.0045410513752,0.54014598540146,69,0.973333333333333,7,0.0404624277456647,NA,NA,NA,NA,148,TRUE,TRUE,TRUE,8
0.2,0.3,2.1,1.02480182611341,1.0045410513752,0.54014598540146,69,0.973333333333333,7,0.0404624277456647,NA,NA,NA,NA,148,TRUE,TRUE,TRUE,8
0.2,0.3,2.2,1.02480182611341,1.0045410513752,0.54014598540146,69,0.973333333333333,7,0.0404624277456647,NA,NA,NA,NA,148,TRUE,TRUE,TRUE,8
0.2,0.3,2.3,1.02480182611341,1.0045410513752,0.54014598540146,69,0.973333333333333,7,0.0404624277456647,NA,NA,NA,NA,148,TRUE,TRUE,TRUE,8
0.2,0.3,2.4,1.02480182611341,1.0045410513752,0.54014598540146,69,0.973333333333333,7,0.0404624277456647,NA,NA,NA,NA,148,TRUE,TRUE,TRUE,8
0.2,0.3,2.5,1.02480182611341,1.0045410513752,0.54014598540146,69,0.973333333333333,7,0.0404624277456647,NA,NA,NA,NA,148,TRUE,TRUE,TRUE,8
0.2,0.3,2.6,1.02480182611341,1.0045410513752,0.54014598540146,69,0.973333333333333,7,0.0404624277456647,NA,NA,NA,NA,148,TRUE,TRUE,TRUE,8
0.2,0.3,1.4,1.02480182611341,1.0045410513752,0.35036496350365,70,0.626666666666667,8,0.0404624277456647,NA,NA,NA,NA,148,TRUE,TRUE,TRUE,8
0.2,0.3,1.5,1.02480182611341,1.0045410513752,0.401459854014599,71,0.72,9,0.0404624277456647,NA,NA,NA,NA,148,TRUE,TRUE,TRUE,8
0.2,0.3,1.6,1.02480182611341,1.0045410513752,0.467153284671533,69,0.84,7,0.0404624277456647,NA,NA,NA,NA,148,TRUE,TRUE,TRUE,8
0.2,0.3,2.7,1.02480182611341,1.0045410513752,0.54014598540146,69,0.973333333333333,7,0.0404624277456647,NA,NA,NA,NA,148,TRUE,TRUE,TRUE,8
0.2,0.4,1,1.01720134153553,1.00364452134956,0.0364963503649635,NA,0.0533333333333333,NA,0.0520231213872832,NA,NA,NA,NA,169,TRUE,TRUE,TRUE,9
0.2,0.4,1.1,1.01720134153553,1.00364452134956,0.072992700729927,129,0.106666666666667,67,0.0520231213872832,NA,NA,NA,NA,169,TRUE,TRUE,TRUE,9
0.2,0.4,1.3,1.01720134153553,1.00364452134956,0.313868613138686,71,0.56,9,0.0520231213872832,NA,NA,NA,NA,169,TRUE,TRUE,TRUE,9
0.2,0.4,1.4,1.01720134153553,1.00364452134956,0.37956204379562,71,0.666666666666667,9,0.0520231213872832,NA,NA,NA,NA,169,TRUE,TRUE,TRUE,9
0.2,0.4,1.5,1.01720134153553,1.00364452134956,0.452554744525547,69,0.813333333333333,7,0.0520231213872832,NA,NA,NA,NA,169,TRUE,TRUE,TRUE,9
0.2,0.4,1.2,1.01720134153553,1.00364452134956,0.175182481751825,71,0.293333333333333,9,0.0520231213872832,NA,NA,NA,NA,169,TRUE,TRUE,TRUE,9
0.2,0.4,1.7,1.01720134153553,1.00364452134956,0.547445255474453,69,0.973333333333333,7,0.0520231213872832,NA,NA,NA,NA,169,TRUE,TRUE,TRUE,9
0.2,0.4,1.8,1.01720134153553,1.00364452134956,0.54014598540146,69,0.973333333333333,7,0.0520231213872832,NA,NA,NA,NA,169,TRUE,TRUE,TRUE,9
0.2,0.4,1.9,1.01720134153553,1.00364452134956,0.54014598540146,69,0.973333333333333,7,0.0520231213872832,NA,NA,NA,NA,169,TRUE,TRUE,TRUE,9
0.2,0.4,1.6,1.01720134153553,1.00364452134956,0.518248175182482,69,0.92,7,0.0520231213872832,NA,NA,NA,NA,169,TRUE,TRUE,TRUE,9
0.2,0.4,2.1,1.01720134153553,1.00364452134956,0.54014598540146,69,0.973333333333333,7,0.0520231213872832,NA,NA,NA,NA,169,TRUE,TRUE,TRUE,9
0.2,0.4,2.2,1.01720134153553,1.00364452134956,0.54014598540146,69,0.973333333333333,7,0.0520231213872832,NA,NA,NA,NA,169,TRUE,TRUE,TRUE,9
0.2,0.4,2.3,1.01720134153553,1.00364452134956,0.54014598540146,69,0.973333333333333,7,0.0520231213872832,NA,NA,NA,NA,169,TRUE,TRUE,TRUE,9
0.2,0.4,2.4,1.01720134153553,1.00364452134956,0.547445255474453,69,0.973333333333333,7,0.0520231213872832,NA,NA,NA,NA,169,TRUE,TRUE,TRUE,9
0.2,0.4,2.5,1.01720134153553,1.00364452134956,0.547445255474453,69,0.973333333333333,7,0.0520231213872832,NA,NA,NA,NA,169,TRUE,TRUE,TRUE,9
0.2,0.4,2.6,1.01720134153553,1.00364452134956,0.547445255474453,69,0.973333333333333,7,0.0520231213872832,NA,NA,NA,NA,169,TRUE,TRUE,TRUE,9
0.2,0.4,2.7,1.01720134153553,1.00364452134956,0.547445255474453,69,0.973333333333333,7,0.0520231213872832,NA,NA,NA,NA,169,TRUE,TRUE,TRUE,9
0.2,0.4,2.8,1.01720134153553,1.00364452134956,0.547445255474453,69,0.973333333333333,7,0.0520231213872832,NA,NA,NA,NA,169,TRUE,TRUE,TRUE,9
0.2,0.4,2.9,1.01720134153553,1.00364452134956,0.54014598540146,69,0.973333333333333,7,0.0520231213872832,NA,NA,NA,NA,169,TRUE,TRUE,TRUE,9
0.2,0.4,3,1.01720134153553,1.00364452134956,0.54014598540146,69,0.973333333333333,7,0.0520231213872832,NA,NA,NA,NA,169,TRUE,TRUE,TRUE,9
0.2,0.4,2,1.01720134153553,1.00364452134956,0.547445255474453,69,0.973333333333333,7,0.0520231213872832,NA,NA,NA,NA,169,TRUE,TRUE,TRUE,9
0.2,0.5,1,1.02483730317162,1.00272066461949,0.0218978102189781,NA,0.0266666666666667,NA,0.0433526011560694,NA,NA,NA,NA,190,TRUE,TRUE,TRUE,10
0.2,0.5,1.1,1.02483730317162,1.00272066461949,0.072992700729927,129,0.12,67,0.0433526011560694,NA,NA,NA,NA,190,TRUE,TRUE,TRUE,10
0.2,0.5,3,1.02483730317162,1.00272066461949,0.54014598540146,69,0.973333333333333,7,0.0433526011560694,NA,NA,NA,NA,190,TRUE,TRUE,TRUE,10
0.2,0.5,2.3,1.02483730317162,1.00272066461949,0.54014598540146,69,0.973333333333333,7,0.0433526011560694,NA,NA,NA,NA,190,TRUE,TRUE,TRUE,10
0.2,0.5,2.4,1.02483730317162,1.00272066461949,0.54014598540146,69,0.973333333333333,7,0.0433526011560694,NA,NA,NA,NA,190,TRUE,TRUE,TRUE,10
0.2,0.5,2.8,1.02483730317162,1.00272066461949,0.54014598540146,69,0.973333333333333,7,0.0433526011560694,NA,NA,NA,NA,190,TRUE,TRUE,TRUE,10
0.2,0.5,2.9,1.02483730317162,1.00272066461949,0.54014598540146,69,0.973333333333333,7,0.0433526011560694,NA,NA,NA,NA,190,TRUE,TRUE,TRUE,10
0.2,0.5,1.7,1.02483730317162,1.00272066461949,0.54014598540146,69,0.973333333333333,7,0.0433526011560694,NA,NA,NA,NA,190,TRUE,TRUE,TRUE,10
0.2,0.5,1.8,1.02483730317162,1.00272066461949,0.54014598540146,69,0.973333333333333,7,0.0433526011560694,NA,NA,NA,NA,190,TRUE,TRUE,TRUE,10
0.2,0.5,1.9,1.02483730317162,1.00272066461949,0.54014598540146,69,0.973333333333333,7,0.0433526011560694,NA,NA,NA,NA,190,TRUE,TRUE,TRUE,10
0.2,0.5,2,1.02483730317162,1.00272066461949,0.54014598540146,69,0.973333333333333,7,0.0433526011560694,NA,NA,NA,NA,190,TRUE,TRUE,TRUE,10
0.2,0.5,2.1,1.02483730317162,1.00272066461949,0.54014598540146,69,0.973333333333333,7,0.0433526011560694,NA,NA,NA,NA,190,TRUE,TRUE,TRUE,10
0.2,0.5,2.2,1.02483730317162,1.00272066461949,0.54014598540146,69,0.973333333333333,7,0.0433526011560694,NA,NA,NA,NA,190,TRUE,TRUE,TRUE,10
0.2,0.5,2.5,1.02483730317162,1.00272066461949,0.54014598540146,69,0.973333333333333,7,0.0433526011560694,NA,NA,NA,NA,190,TRUE,TRUE,TRUE,10
0.2,0.5,2.6,1.02483730317162,1.00272066461949,0.54014598540146,69,0.973333333333333,7,0.0433526011560694,NA,NA,NA,NA,190,TRUE,TRUE,TRUE,10
0.2,0.5,1.2,1.02483730317162,1.00272066461949,0.167883211678832,71,0.293333333333333,9,0.0433526011560694,NA,NA,NA,NA,190,TRUE,TRUE,TRUE,10
0.2,0.5,1.3,1.02483730317162,1.00272066461949,0.248175182481752,69,0.44,7,0.0433526011560694,NA,NA,NA,NA,190,TRUE,TRUE,TRUE,10
0.2,0.5,1.4,1.02483730317162,1.00272066461949,0.35036496350365,69,0.626666666666667,7,0.0433526011560694,NA,NA,NA,NA,190,TRUE,TRUE,TRUE,10
0.2,0.5,1.5,1.02483730317162,1.00272066461949,0.445255474452555,69,0.8,7,0.0433526011560694,NA,NA,NA,NA,190,TRUE,TRUE,TRUE,10
0.2,0.5,1.6,1.02483730317162,1.00272066461949,0.510948905109489,69,0.92,7,0.0433526011560694,NA,NA,NA,NA,190,TRUE,TRUE,TRUE,10
0.2,0.5,2.7,1.02483730317162,1.00272066461949,0.54014598540146,69,0.973333333333333,7,0.0433526011560694,NA,NA,NA,NA,190,TRUE,TRUE,TRUE,10
0.3,0.1,1.1,1.02935319945373,1.00367205197268,0.072992700729927,69,0.133333333333333,7,0.0491329479768786,NA,NA,NA,NA,211,TRUE,TRUE,TRUE,11
0.3,0.1,1.2,1.02935319945373,1.00367205197268,0.124087591240876,69,0.226666666666667,7,0.0491329479768786,NA,NA,NA,NA,211,TRUE,TRUE,TRUE,11
0.3,0.1,1.3,1.02935319945373,1.00367205197268,0.18978102189781,69,0.346666666666667,7,0.0491329479768786,NA,NA,NA,NA,211,TRUE,TRUE,TRUE,11
0.3,0.1,1,1.02935319945373,1.00367205197268,0.0145985401459854,NA,0.0266666666666667,NA,0.0491329479768786,NA,NA,NA,NA,211,TRUE,TRUE,TRUE,11
0.3,0.1,1.5,1.02935319945373,1.00367205197268,0.37956204379562,69,0.693333333333333,7,0.0491329479768786,NA,NA,NA,NA,211,TRUE,TRUE,TRUE,11
0.3,0.1,1.6,1.02935319945373,1.00367205197268,0.452554744525547,69,0.826666666666667,7,0.0491329479768786,NA,NA,NA,NA,211,TRUE,TRUE,TRUE,11
0.3,0.1,1.7,1.02935319945373,1.00367205197268,0.510948905109489,69,0.933333333333333,7,0.0491329479768786,NA,NA,NA,NA,211,TRUE,TRUE,TRUE,11
0.3,0.1,1.4,1.02935319945373,1.00367205197268,0.313868613138686,69,0.573333333333333,7,0.0491329479768786,NA,NA,NA,NA,211,TRUE,TRUE,TRUE,11
0.3,0.1,1.9,1.02935319945373,1.00367205197268,0.525547445255474,69,0.96,7,0.0491329479768786,NA,NA,NA,NA,211,TRUE,TRUE,TRUE,11
0.3,0.1,2,1.02935319945373,1.00367205197268,0.54014598540146,68,0.986666666666667,6,0.0491329479768786,NA,NA,NA,NA,211,TRUE,TRUE,TRUE,11
0.3,0.1,2.1,1.02935319945373,1.00367205197268,0.54014598540146,68,0.986666666666667,6,0.0491329479768786,NA,NA,NA,NA,211,TRUE,TRUE,TRUE,11
0.3,0.1,2.2,1.02935319945373,1.00367205197268,0.54014598540146,68,0.986666666666667,6,0.0491329479768786,NA,NA,NA,NA,211,TRUE,TRUE,TRUE,11
0.3,0.1,2.3,1.02935319945373,1.00367205197268,0.54014598540146,68,0.986666666666667,6,0.0491329479768786,NA,NA,NA,NA,211,TRUE,TRUE,TRUE,11
0.3,0.1,2.4,1.02935319945373,1.00367205197268,0.54014598540146,68,0.986666666666667,6,0.0491329479768786,NA,NA,NA,NA,211,TRUE,TRUE,TRUE,11
0.3,0.1,2.5,1.02935319945373,1.00367205197268,0.54014598540146,68,0.986666666666667,6,0.0491329479768786,NA,NA,NA,NA,211,TRUE,TRUE,TRUE,11
0.3,0.1,2.6,1.02935319945373,1.00367205197268,0.547445255474453,67,1,5,0.0491329479768786,NA,NA,NA,NA,211,TRUE,TRUE,TRUE,11
0.3,0.1,2.7,1.02935319945373,1.00367205197268,0.547445255474453,67,1,5,0.0491329479768786,NA,NA,NA,NA,211,TRUE,TRUE,TRUE,11
0.3,0.1,2.8,1.02935319945373,1.00367205197268,0.547445255474453,67,1,5,0.0491329479768786,NA,NA,NA,NA,211,TRUE,TRUE,TRUE,11
0.3,0.1,2.9,1.02935319945373,1.00367205197268,0.547445255474453,67,1,5,0.0491329479768786,NA,NA,NA,NA,211,TRUE,TRUE,TRUE,11
0.3,0.1,3,1.02935319945373,1.00367205197268,0.547445255474453,67,1,5,0.0491329479768786,NA,NA,NA,NA,211,TRUE,TRUE,TRUE,11
0.3,0.1,1.8,1.02935319945373,1.00367205197268,0.518248175182482,69,0.946666666666667,7,0.0491329479768786,NA,NA,NA,NA,211,TRUE,TRUE,TRUE,11
0.3,0.2,1,1.01056113890588,1.00294985441449,0,NA,0,NA,0.0433526011560694,NA,NA,NA,NA,232,TRUE,TRUE,TRUE,12
0.3,0.2,1.1,1.01056113890588,1.00294985441449,0.0510948905109489,NA,0.0933333333333333,NA,0.0433526011560694,NA,NA,NA,NA,232,TRUE,TRUE,TRUE,12
0.3,0.2,1.2,1.01056113890588,1.00294985441449,0.138686131386861,129,0.253333333333333,67,0.0433526011560694,NA,NA,NA,NA,232,TRUE,TRUE,TRUE,12
0.3,0.2,1.3,1.01056113890588,1.00294985441449,0.226277372262774,71,0.413333333333333,9,0.0433526011560694,NA,NA,NA,NA,232,TRUE,TRUE,TRUE,12
0.3,0.2,1.4,1.01056113890588,1.00294985441449,0.306569343065693,71,0.56,9,0.0433526011560694,NA,NA,NA,NA,232,TRUE,TRUE,TRUE,12
0.3,0.2,1.5,1.01056113890588,1.00294985441449,0.394160583941606,70,0.72,8,0.0433526011560694,NA,NA,NA,NA,232,TRUE,TRUE,TRUE,12
0.3,0.2,1.6,1.01056113890588,1.00294985441449,0.481751824817518,69,0.88,7,0.0433526011560694,NA,NA,NA,NA,232,TRUE,TRUE,TRUE,12
0.3,0.2,1.7,1.01056113890588,1.00294985441449,0.510948905109489,69,0.933333333333333,7,0.0433526011560694,NA,NA,NA,NA,232,TRUE,TRUE,TRUE,12
0.3,0.2,1.8,1.01056113890588,1.00294985441449,0.532846715328467,69,0.973333333333333,7,0.0433526011560694,NA,NA,NA,NA,232,TRUE,TRUE,TRUE,12
0.3,0.2,1.9,1.01056113890588,1.00294985441449,0.532846715328467,69,0.973333333333333,7,0.0433526011560694,NA,NA,NA,NA,232,TRUE,TRUE,TRUE,12
0.3,0.2,2,1.01056113890588,1.00294985441449,0.532846715328467,69,0.973333333333333,7,0.0433526011560694,NA,NA,NA,NA,232,TRUE,TRUE,TRUE,12
0.3,0.2,2.1,1.01056113890588,1.00294985441449,0.532846715328467,69,0.973333333333333,7,0.0433526011560694,NA,NA,NA,NA,232,TRUE,TRUE,TRUE,12
0.3,0.2,2.2,1.01056113890588,1.00294985441449,0.532846715328467,69,0.973333333333333,7,0.0433526011560694,NA,NA,NA,NA,232,TRUE,TRUE,TRUE,12
0.3,0.2,2.3,1.01056113890588,1.00294985441449,0.532846715328467,69,0.973333333333333,7,0.0433526011560694,NA,NA,NA,NA,232,TRUE,TRUE,TRUE,12
0.3,0.2,2.4,1.01056113890588,1.00294985441449,0.532846715328467,69,0.973333333333333,7,0.0433526011560694,NA,NA,NA,NA,232,TRUE,TRUE,TRUE,12
0.3,0.2,2.5,1.01056113890588,1.00294985441449,0.532846715328467,69,0.973333333333333,7,0.0433526011560694,NA,NA,NA,NA,232,TRUE,TRUE,TRUE,12
0.3,0.2,2.6,1.01056113890588,1.00294985441449,0.532846715328467,69,0.973333333333333,7,0.0433526011560694,NA,NA,NA,NA,232,TRUE,TRUE,TRUE,12
0.3,0.2,2.7,1.01056113890588,1.00294985441449,0.532846715328467,69,0.973333333333333,7,0.0433526011560694,NA,NA,NA,NA,232,TRUE,TRUE,TRUE,12
0.3,0.2,2.8,1.01056113890588,1.00294985441449,0.532846715328467,69,0.973333333333333,7,0.0433526011560694,NA,NA,NA,NA,232,TRUE,TRUE,TRUE,12
0.3,0.2,2.9,1.01056113890588,1.00294985441449,0.532846715328467,69,0.973333333333333,7,0.0433526011560694,NA,NA,NA,NA,232,TRUE,TRUE,TRUE,12
0.3,0.2,3,1.01056113890588,1.00294985441449,0.532846715328467,69,0.973333333333333,7,0.0433526011560694,NA,NA,NA,NA,232,TRUE,TRUE,TRUE,12
0.3,0.3,1,1.01549721875165,1.00187450099177,0.0072992700729927,NA,0.0133333333333333,NA,0.0433526011560694,NA,NA,NA,NA,253,TRUE,TRUE,TRUE,13
0.3,0.3,1.1,1.01549721875165,1.00187450099177,0.0364963503649635,NA,0.0666666666666667,NA,0.0433526011560694,NA,NA,NA,NA,253,TRUE,TRUE,TRUE,13
0.3,0.3,1.2,1.01549721875165,1.00187450099177,0.145985401459854,71,0.266666666666667,9,0.0433526011560694,NA,NA,NA,NA,253,TRUE,TRUE,TRUE,13
0.3,0.3,1.3,1.01549721875165,1.00187450099177,0.248175182481752,71,0.453333333333333,9,0.0433526011560694,NA,NA,NA,NA,253,TRUE,TRUE,TRUE,13
0.3,0.3,1.4,1.01549721875165,1.00187450099177,0.335766423357664,71,0.613333333333333,9,0.0433526011560694,NA,NA,NA,NA,253,TRUE,TRUE,TRUE,13
0.3,0.3,1.5,1.01549721875165,1.00187450099177,0.423357664233577,69,0.773333333333333,7,0.0433526011560694,NA,NA,NA,NA,253,TRUE,TRUE,TRUE,13
0.3,0.3,1.6,1.01549721875165,1.00187450099177,0.503649635036496,69,0.92,7,0.0433526011560694,NA,NA,NA,NA,253,TRUE,TRUE,TRUE,13
0.3,0.3,1.7,1.01549721875165,1.00187450099177,0.518248175182482,69,0.946666666666667,7,0.0433526011560694,NA,NA,NA,NA,253,TRUE,TRUE,TRUE,13
0.3,0.3,1.8,1.01549721875165,1.00187450099177,0.532846715328467,69,0.973333333333333,7,0.0433526011560694,NA,NA,NA,NA,253,TRUE,TRUE,TRUE,13
0.3,0.3,1.9,1.01549721875165,1.00187450099177,0.532846715328467,69,0.973333333333333,7,0.0433526011560694,NA,NA,NA,NA,253,TRUE,TRUE,TRUE,13
0.3,0.3,2,1.01549721875165,1.00187450099177,0.532846715328467,69,0.973333333333333,7,0.0433526011560694,NA,NA,NA,NA,253,TRUE,TRUE,TRUE,13
0.3,0.3,2.1,1.01549721875165,1.00187450099177,0.532846715328467,69,0.973333333333333,7,0.0433526011560694,NA,NA,NA,NA,253,TRUE,TRUE,TRUE,13
0.3,0.3,2.2,1.01549721875165,1.00187450099177,0.532846715328467,69,0.973333333333333,7,0.0433526011560694,NA,NA,NA,NA,253,TRUE,TRUE,TRUE,13
0.3,0.3,2.3,1.01549721875165,1.00187450099177,0.532846715328467,69,0.973333333333333,7,0.0433526011560694,NA,NA,NA,NA,253,TRUE,TRUE,TRUE,13
0.3,0.3,2.4,1.01549721875165,1.00187450099177,0.532846715328467,69,0.973333333333333,7,0.0433526011560694,NA,NA,NA,NA,253,TRUE,TRUE,TRUE,13
0.3,0.3,2.5,1.01549721875165,1.00187450099177,0.532846715328467,69,0.973333333333333,7,0.0433526011560694,NA,NA,NA,NA,253,TRUE,TRUE,TRUE,13
0.3,0.3,2.6,1.01549721875165,1.00187450099177,0.532846715328467,69,0.973333333333333,7,0.0433526011560694,NA,NA,NA,NA,253,TRUE,TRUE,TRUE,13
0.3,0.3,2.7,1.01549721875165,1.00187450099177,0.54014598540146,68,0.986666666666667,6,0.0433526011560694,NA,NA,NA,NA,253,TRUE,TRUE,TRUE,13
0.3,0.3,2.8,1.01549721875165,1.00187450099177,0.54014598540146,68,0.986666666666667,6,0.0433526011560694,NA,NA,NA,NA,253,TRUE,TRUE,TRUE,13
0.3,0.3,2.9,1.01549721875165,1.00187450099177,0.54014598540146,68,0.986666666666667,6,0.0433526011560694,NA,NA,NA,NA,253,TRUE,TRUE,TRUE,13
0.3,0.3,3,1.01549721875165,1.00187450099177,0.54014598540146,68,0.986666666666667,6,0.0433526011560694,NA,NA,NA,NA,253,TRUE,TRUE,TRUE,13
0.3,0.4,1,1.01855167684986,1.00281573843232,0.0072992700729927,NA,0.0133333333333333,NA,0.0491329479768786,NA,NA,NA,NA,274,TRUE,TRUE,TRUE,14
0.3,0.4,1.1,1.01855167684986,1.00281573843232,0.0802919708029197,71,0.146666666666667,9,0.0491329479768786,NA,NA,NA,NA,274,TRUE,TRUE,TRUE,14
0.3,0.4,1.2,1.01855167684986,1.00281573843232,0.160583941605839,94,0.293333333333333,32,0.0491329479768786,NA,NA,NA,NA,274,TRUE,TRUE,TRUE,14
0.3,0.4,1.3,1.01855167684986,1.00281573843232,0.27007299270073,71,0.493333333333333,9,0.0491329479768786,NA,NA,NA,NA,274,TRUE,TRUE,TRUE,14
0.3,0.4,1.4,1.01855167684986,1.00281573843232,0.37956204379562,69,0.693333333333333,7,0.0491329479768786,NA,NA,NA,NA,274,TRUE,TRUE,TRUE,14
0.3,0.4,1.5,1.01855167684986,1.00281573843232,0.452554744525547,69,0.826666666666667,7,0.0491329479768786,NA,NA,NA,NA,274,TRUE,TRUE,TRUE,14
0.3,0.4,1.6,1.01855167684986,1.00281573843232,0.503649635036496,69,0.92,7,0.0491329479768786,NA,NA,NA,NA,274,TRUE,TRUE,TRUE,14
0.3,0.4,1.7,1.01855167684986,1.00281573843232,0.518248175182482,69,0.946666666666667,7,0.0491329479768786,NA,NA,NA,NA,274,TRUE,TRUE,TRUE,14
0.3,0.4,1.8,1.01855167684986,1.00281573843232,0.532846715328467,69,0.973333333333333,7,0.0491329479768786,NA,NA,NA,NA,274,TRUE,TRUE,TRUE,14
0.3,0.4,1.9,1.01855167684986,1.00281573843232,0.532846715328467,69,0.973333333333333,7,0.0491329479768786,NA,NA,NA,NA,274,TRUE,TRUE,TRUE,14
0.3,0.4,2,1.01855167684986,1.00281573843232,0.532846715328467,69,0.973333333333333,7,0.0491329479768786,NA,NA,NA,NA,274,TRUE,TRUE,TRUE,14
0.3,0.4,2.1,1.01855167684986,1.00281573843232,0.532846715328467,69,0.973333333333333,7,0.0491329479768786,NA,NA,NA,NA,274,TRUE,TRUE,TRUE,14
0.3,0.4,2.2,1.01855167684986,1.00281573843232,0.532846715328467,69,0.973333333333333,7,0.0491329479768786,NA,NA,NA,NA,274,TRUE,TRUE,TRUE,14
0.3,0.4,2.3,1.01855167684986,1.00281573843232,0.532846715328467,69,0.973333333333333,7,0.0491329479768786,NA,NA,NA,NA,274,TRUE,TRUE,TRUE,14
0.3,0.4,2.4,1.01855167684986,1.00281573843232,0.532846715328467,69,0.973333333333333,7,0.0491329479768786,NA,NA,NA,NA,274,TRUE,TRUE,TRUE,14
0.3,0.4,2.5,1.01855167684986,1.00281573843232,0.532846715328467,69,0.973333333333333,7,0.0491329479768786,NA,NA,NA,NA,274,TRUE,TRUE,TRUE,14
0.3,0.4,2.6,1.01855167684986,1.00281573843232,0.532846715328467,69,0.973333333333333,7,0.0491329479768786,NA,NA,NA,NA,274,TRUE,TRUE,TRUE,14
0.3,0.4,2.7,1.01855167684986,1.00281573843232,0.54014598540146,68,0.986666666666667,6,0.0491329479768786,NA,NA,NA,NA,274,TRUE,TRUE,TRUE,14
0.3,0.4,2.8,1.01855167684986,1.00281573843232,0.54014598540146,68,0.986666666666667,6,0.0491329479768786,NA,NA,NA,NA,274,TRUE,TRUE,TRUE,14
0.3,0.4,2.9,1.01855167684986,1.00281573843232,0.54014598540146,68,0.986666666666667,6,0.0491329479768786,NA,NA,NA,NA,274,TRUE,TRUE,TRUE,14
0.3,0.4,3,1.01855167684986,1.00281573843232,0.54014598540146,68,0.986666666666667,6,0.0491329479768786,NA,NA,NA,NA,274,TRUE,TRUE,TRUE,14
0.3,0.5,1,1.00824231242782,1.00121821355501,0.0072992700729927,NA,0.0133333333333333,NA,0.0433526011560694,NA,NA,NA,NA,295,TRUE,TRUE,TRUE,15
0.3,0.5,1.1,1.00824231242782,1.00121821355501,0.0656934306569343,129,0.12,67,0.0433526011560694,NA,NA,NA,NA,295,TRUE,TRUE,TRUE,15
0.3,0.5,1.2,1.00824231242782,1.00121821355501,0.167883211678832,71,0.306666666666667,9,0.0433526011560694,NA,NA,NA,NA,295,TRUE,TRUE,TRUE,15
0.3,0.5,1.3,1.00824231242782,1.00121821355501,0.262773722627737,69,0.48,7,0.0433526011560694,NA,NA,NA,NA,295,TRUE,TRUE,TRUE,15
0.3,0.5,1.4,1.00824231242782,1.00121821355501,0.386861313868613,69,0.706666666666667,7,0.0433526011560694,NA,NA,NA,NA,295,TRUE,TRUE,TRUE,15
0.3,0.5,1.5,1.00824231242782,1.00121821355501,0.452554744525547,69,0.826666666666667,7,0.0433526011560694,NA,NA,NA,NA,295,TRUE,TRUE,TRUE,15
0.3,0.5,1.6,1.00824231242782,1.00121821355501,0.503649635036496,69,0.92,7,0.0433526011560694,NA,NA,NA,NA,295,TRUE,TRUE,TRUE,15
0.3,0.5,1.7,1.00824231242782,1.00121821355501,0.518248175182482,69,0.946666666666667,7,0.0433526011560694,NA,NA,NA,NA,295,TRUE,TRUE,TRUE,15
0.3,0.5,1.8,1.00824231242782,1.00121821355501,0.532846715328467,69,0.973333333333333,7,0.0433526011560694,NA,NA,NA,NA,295,TRUE,TRUE,TRUE,15
0.3,0.5,1.9,1.00824231242782,1.00121821355501,0.532846715328467,69,0.973333333333333,7,0.0433526011560694,NA,NA,NA,NA,295,TRUE,TRUE,TRUE,15
0.3,0.5,2,1.00824231242782,1.00121821355501,0.532846715328467,69,0.973333333333333,7,0.0433526011560694,NA,NA,NA,NA,295,TRUE,TRUE,TRUE,15
0.3,0.5,2.1,1.00824231242782,1.00121821355501,0.532846715328467,69,0.973333333333333,7,0.0433526011560694,NA,NA,NA,NA,295,TRUE,TRUE,TRUE,15
0.3,0.5,2.2,1.00824231242782,1.00121821355501,0.532846715328467,69,0.973333333333333,7,0.0433526011560694,NA,NA,NA,NA,295,TRUE,TRUE,TRUE,15
0.3,0.5,2.3,1.00824231242782,1.00121821355501,0.532846715328467,69,0.973333333333333,7,0.0433526011560694,NA,NA,NA,NA,295,TRUE,TRUE,TRUE,15
0.3,0.5,2.4,1.00824231242782,1.00121821355501,0.532846715328467,69,0.973333333333333,7,0.0433526011560694,NA,NA,NA,NA,295,TRUE,TRUE,TRUE,15
0.3,0.5,2.5,1.00824231242782,1.00121821355501,0.532846715328467,69,0.973333333333333,7,0.0433526011560694,NA,NA,NA,NA,295,TRUE,TRUE,TRUE,15
0.3,0.5,2.6,1.00824231242782,1.00121821355501,0.532846715328467,69,0.973333333333333,7,0.0433526011560694,NA,NA,NA,NA,295,TRUE,TRUE,TRUE,15
0.3,0.5,2.7,1.00824231242782,1.00121821355501,0.54014598540146,68,0.986666666666667,6,0.0433526011560694,NA,NA,NA,NA,295,TRUE,TRUE,TRUE,15
0.3,0.5,2.8,1.00824231242782,1.00121821355501,0.54014598540146,68,0.986666666666667,6,0.0433526011560694,NA,NA,NA,NA,295,TRUE,TRUE,TRUE,15
0.3,0.5,2.9,1.00824231242782,1.00121821355501,0.54014598540146,68,0.986666666666667,6,0.0433526011560694,NA,NA,NA,NA,295,TRUE,TRUE,TRUE,15
0.3,0.5,3,1.00824231242782,1.00121821355501,0.54014598540146,68,0.986666666666667,6,0.0433526011560694,NA,NA,NA,NA,295,TRUE,TRUE,TRUE,15
0.4,0.1,1,1.02566215104988,1.00217763927358,0,NA,0,NA,0.0491329479768786,NA,NA,NA,NA,316,TRUE,TRUE,TRUE,16
0.4,0.1,1.1,1.02566215104988,1.00217763927358,0.0510948905109489,NA,0.0933333333333333,NA,0.0491329479768786,NA,NA,NA,NA,316,TRUE,TRUE,TRUE,16
0.4,0.1,1.2,1.02566215104988,1.00217763927358,0.102189781021898,129,0.186666666666667,67,0.0491329479768786,NA,NA,NA,NA,316,TRUE,TRUE,TRUE,16
0.4,0.1,1.3,1.02566215104988,1.00217763927358,0.233576642335766,71,0.426666666666667,9,0.0491329479768786,NA,NA,NA,NA,316,TRUE,TRUE,TRUE,16
0.4,0.1,1.4,1.02566215104988,1.00217763927358,0.306569343065693,71,0.56,9,0.0491329479768786,NA,NA,NA,NA,316,TRUE,TRUE,TRUE,16
0.4,0.1,1.5,1.02566215104988,1.00217763927358,0.401459854014599,71,0.733333333333333,9,0.0491329479768786,NA,NA,NA,NA,316,TRUE,TRUE,TRUE,16
0.4,0.1,1.6,1.02566215104988,1.00217763927358,0.467153284671533,71,0.853333333333333,9,0.0491329479768786,NA,NA,NA,NA,316,TRUE,TRUE,TRUE,16
0.4,0.1,1.7,1.02566215104988,1.00217763927358,0.510948905109489,70,0.933333333333333,8,0.0491329479768786,NA,NA,NA,NA,316,TRUE,TRUE,TRUE,16
0.4,0.1,1.8,1.02566215104988,1.00217763927358,0.532846715328467,69,0.973333333333333,7,0.0491329479768786,NA,NA,NA,NA,316,TRUE,TRUE,TRUE,16
0.4,0.1,1.9,1.02566215104988,1.00217763927358,0.532846715328467,69,0.973333333333333,7,0.0491329479768786,NA,NA,NA,NA,316,TRUE,TRUE,TRUE,16
0.4,0.1,2,1.02566215104988,1.00217763927358,0.532846715328467,69,0.973333333333333,7,0.0491329479768786,NA,NA,NA,NA,316,TRUE,TRUE,TRUE,16
0.4,0.1,2.1,1.02566215104988,1.00217763927358,0.532846715328467,69,0.973333333333333,7,0.0491329479768786,NA,NA,NA,NA,316,TRUE,TRUE,TRUE,16
0.4,0.1,2.2,1.02566215104988,1.00217763927358,0.532846715328467,69,0.973333333333333,7,0.0491329479768786,NA,NA,NA,NA,316,TRUE,TRUE,TRUE,16
0.4,0.1,2.3,1.02566215104988,1.00217763927358,0.532846715328467,69,0.973333333333333,7,0.0491329479768786,NA,NA,NA,NA,316,TRUE,TRUE,TRUE,16
0.4,0.1,2.4,1.02566215104988,1.00217763927358,0.532846715328467,69,0.973333333333333,7,0.0491329479768786,NA,NA,NA,NA,316,TRUE,TRUE,TRUE,16
0.4,0.1,2.5,1.02566215104988,1.00217763927358,0.532846715328467,69,0.973333333333333,7,0.0491329479768786,NA,NA,NA,NA,316,TRUE,TRUE,TRUE,16
0.4,0.1,2.6,1.02566215104988,1.00217763927358,0.532846715328467,69,0.973333333333333,7,0.0491329479768786,NA,NA,NA,NA,316,TRUE,TRUE,TRUE,16
0.4,0.1,2.7,1.02566215104988,1.00217763927358,0.532846715328467,69,0.973333333333333,7,0.0491329479768786,NA,NA,NA,NA,316,TRUE,TRUE,TRUE,16
0.4,0.1,2.8,1.02566215104988,1.00217763927358,0.532846715328467,69,0.973333333333333,7,0.0491329479768786,NA,NA,NA,NA,316,TRUE,TRUE,TRUE,16
0.4,0.1,2.9,1.02566215104988,1.00217763927358,0.532846715328467,69,0.973333333333333,7,0.0491329479768786,NA,NA,NA,NA,316,TRUE,TRUE,TRUE,16
0.4,0.1,3,1.02566215104988,1.00217763927358,0.532846715328467,69,0.973333333333333,7,0.0491329479768786,NA,NA,NA,NA,316,TRUE,TRUE,TRUE,16
0.4,0.2,1,1.00730677040264,1.00147011416978,0.0072992700729927,NA,0.0133333333333333,NA,0.0491329479768786,NA,NA,NA,NA,337,TRUE,TRUE,TRUE,17
0.4,0.2,1.1,1.00730677040264,1.00147011416978,0.0510948905109489,NA,0.0933333333333333,NA,0.0491329479768786,NA,NA,NA,NA,337,TRUE,TRUE,TRUE,17
0.4,0.2,1.2,1.00730677040264,1.00147011416978,0.138686131386861,94,0.253333333333333,32,0.0491329479768786,NA,NA,NA,NA,337,TRUE,TRUE,TRUE,17
0.4,0.2,1.3,1.00730677040264,1.00147011416978,0.218978102189781,71,0.4,9,0.0491329479768786,NA,NA,NA,NA,337,TRUE,TRUE,TRUE,17
0.4,0.2,1.4,1.00730677040264,1.00147011416978,0.328467153284672,69,0.6,7,0.0491329479768786,NA,NA,NA,NA,337,TRUE,TRUE,TRUE,17
0.4,0.2,1.5,1.00730677040264,1.00147011416978,0.408759124087591,69,0.746666666666667,7,0.0491329479768786,NA,NA,NA,NA,337,TRUE,TRUE,TRUE,17
0.4,0.2,1.6,1.00730677040264,1.00147011416978,0.489051094890511,69,0.893333333333333,7,0.0491329479768786,NA,NA,NA,NA,337,TRUE,TRUE,TRUE,17
0.4,0.2,1.7,1.00730677040264,1.00147011416978,0.510948905109489,69,0.933333333333333,7,0.0491329479768786,NA,NA,NA,NA,337,TRUE,TRUE,TRUE,17
0.4,0.2,1.8,1.00730677040264,1.00147011416978,0.532846715328467,69,0.973333333333333,7,0.0491329479768786,NA,NA,NA,NA,337,TRUE,TRUE,TRUE,17
0.4,0.2,1.9,1.00730677040264,1.00147011416978,0.532846715328467,69,0.973333333333333,7,0.0491329479768786,NA,NA,NA,NA,337,TRUE,TRUE,TRUE,17
0.4,0.2,2,1.00730677040264,1.00147011416978,0.532846715328467,69,0.973333333333333,7,0.0491329479768786,NA,NA,NA,NA,337,TRUE,TRUE,TRUE,17
0.4,0.2,2.1,1.00730677040264,1.00147011416978,0.532846715328467,69,0.973333333333333,7,0.0491329479768786,NA,NA,NA,NA,337,TRUE,TRUE,TRUE,17
0.4,0.2,2.2,1.00730677040264,1.00147011416978,0.532846715328467,69,0.973333333333333,7,0.0491329479768786,NA,NA,NA,NA,337,TRUE,TRUE,TRUE,17
0.4,0.2,2.3,1.00730677040264,1.00147011416978,0.532846715328467,69,0.973333333333333,7,0.0491329479768786,NA,NA,NA,NA,337,TRUE,TRUE,TRUE,17
0.4,0.2,2.4,1.00730677040264,1.00147011416978,0.532846715328467,69,0.973333333333333,7,0.0491329479768786,NA,NA,NA,NA,337,TRUE,TRUE,TRUE,17
0.4,0.2,2.5,1.00730677040264,1.00147011416978,0.532846715328467,69,0.973333333333333,7,0.0491329479768786,NA,NA,NA,NA,337,TRUE,TRUE,TRUE,17
0.4,0.2,2.6,1.00730677040264,1.00147011416978,0.532846715328467,69,0.973333333333333,7,0.0491329479768786,NA,NA,NA,NA,337,TRUE,TRUE,TRUE,17
0.4,0.2,2.7,1.00730677040264,1.00147011416978,0.532846715328467,69,0.973333333333333,7,0.0491329479768786,NA,NA,NA,NA,337,TRUE,TRUE,TRUE,17
0.4,0.2,2.8,1.00730677040264,1.00147011416978,0.54014598540146,68,0.986666666666667,6,0.0491329479768786,NA,NA,NA,NA,337,TRUE,TRUE,TRUE,17
0.4,0.2,2.9,1.00730677040264,1.00147011416978,0.54014598540146,68,0.986666666666667,6,0.0491329479768786,NA,NA,NA,NA,337,TRUE,TRUE,TRUE,17
0.4,0.2,3,1.00730677040264,1.00147011416978,0.532846715328467,69,0.973333333333333,7,0.0491329479768786,NA,NA,NA,NA,337,TRUE,TRUE,TRUE,17
0.4,0.3,1,1.0195010260994,1.00091893552513,0.0072992700729927,NA,0.0133333333333333,NA,0.0433526011560694,NA,NA,NA,NA,358,TRUE,TRUE,TRUE,18
0.4,0.3,1.1,1.0195010260994,1.00091893552513,0.0656934306569343,NA,0.12,NA,0.0433526011560694,NA,NA,NA,NA,358,TRUE,TRUE,TRUE,18
0.4,0.3,1.2,1.0195010260994,1.00091893552513,0.160583941605839,69,0.293333333333333,7,0.0433526011560694,NA,NA,NA,NA,358,TRUE,TRUE,TRUE,18
0.4,0.3,1.3,1.0195010260994,1.00091893552513,0.248175182481752,71,0.453333333333333,9,0.0433526011560694,NA,NA,NA,NA,358,TRUE,TRUE,TRUE,18
0.4,0.3,1.4,1.0195010260994,1.00091893552513,0.35036496350365,69,0.64,7,0.0433526011560694,NA,NA,NA,NA,358,TRUE,TRUE,TRUE,18
0.4,0.3,1.5,1.0195010260994,1.00091893552513,0.423357664233577,69,0.773333333333333,7,0.0433526011560694,NA,NA,NA,NA,358,TRUE,TRUE,TRUE,18
0.4,0.3,1.6,1.0195010260994,1.00091893552513,0.503649635036496,69,0.92,7,0.0433526011560694,NA,NA,NA,NA,358,TRUE,TRUE,TRUE,18
0.4,0.3,1.7,1.0195010260994,1.00091893552513,0.518248175182482,69,0.946666666666667,7,0.0433526011560694,NA,NA,NA,NA,358,TRUE,TRUE,TRUE,18
0.4,0.3,1.8,1.0195010260994,1.00091893552513,0.532846715328467,69,0.973333333333333,7,0.0433526011560694,NA,NA,NA,NA,358,TRUE,TRUE,TRUE,18
0.4,0.3,1.9,1.0195010260994,1.00091893552513,0.532846715328467,69,0.973333333333333,7,0.0433526011560694,NA,NA,NA,NA,358,TRUE,TRUE,TRUE,18
0.4,0.3,2,1.0195010260994,1.00091893552513,0.532846715328467,69,0.973333333333333,7,0.0433526011560694,NA,NA,NA,NA,358,TRUE,TRUE,TRUE,18
0.4,0.3,2.1,1.0195010260994,1.00091893552513,0.532846715328467,69,0.973333333333333,7,0.0433526011560694,NA,NA,NA,NA,358,TRUE,TRUE,TRUE,18
0.4,0.3,2.2,1.0195010260994,1.00091893552513,0.532846715328467,69,0.973333333333333,7,0.0433526011560694,NA,NA,NA,NA,358,TRUE,TRUE,TRUE,18
0.4,0.3,2.3,1.0195010260994,1.00091893552513,0.532846715328467,69,0.973333333333333,7,0.0433526011560694,NA,NA,NA,NA,358,TRUE,TRUE,TRUE,18
0.4,0.3,2.4,1.0195010260994,1.00091893552513,0.532846715328467,69,0.973333333333333,7,0.0433526011560694,NA,NA,NA,NA,358,TRUE,TRUE,TRUE,18
0.4,0.3,2.5,1.0195010260994,1.00091893552513,0.532846715328467,69,0.973333333333333,7,0.0433526011560694,NA,NA,NA,NA,358,TRUE,TRUE,TRUE,18
0.4,0.3,2.6,1.0195010260994,1.00091893552513,0.54014598540146,68,0.986666666666667,6,0.0433526011560694,NA,NA,NA,NA,358,TRUE,TRUE,TRUE,18
0.4,0.3,2.7,1.0195010260994,1.00091893552513,0.54014598540146,68,0.986666666666667,6,0.0433526011560694,NA,NA,NA,NA,358,TRUE,TRUE,TRUE,18
0.4,0.3,2.8,1.0195010260994,1.00091893552513,0.54014598540146,68,0.986666666666667,6,0.0433526011560694,NA,NA,NA,NA,358,TRUE,TRUE,TRUE,18
0.4,0.3,2.9,1.0195010260994,1.00091893552513,0.54014598540146,68,0.986666666666667,6,0.0433526011560694,NA,NA,NA,NA,358,TRUE,TRUE,TRUE,18
0.4,0.3,3,1.0195010260994,1.00091893552513,0.54014598540146,68,0.986666666666667,6,0.0433526011560694,NA,NA,NA,NA,358,TRUE,TRUE,TRUE,18
0.4,0.4,1.3,1.02141248180865,1.00116896778176,0.218978102189781,69,0.4,7,0.0433526011560694,NA,NA,NA,NA,379,TRUE,TRUE,TRUE,19
0.4,0.4,1.4,1.02141248180865,1.00116896778176,0.372262773722628,69,0.68,7,0.0433526011560694,NA,NA,NA,NA,379,TRUE,TRUE,TRUE,19
0.4,0.4,1.6,1.02141248180865,1.00116896778176,0.496350364963504,69,0.906666666666667,7,0.0433526011560694,NA,NA,NA,NA,379,TRUE,TRUE,TRUE,19
0.4,0.4,1.8,1.02141248180865,1.00116896778176,0.532846715328467,69,0.973333333333333,7,0.0433526011560694,NA,NA,NA,NA,379,TRUE,TRUE,TRUE,19
0.4,0.4,2.3,1.02141248180865,1.00116896778176,0.532846715328467,69,0.973333333333333,7,0.0433526011560694,NA,NA,NA,NA,379,TRUE,TRUE,TRUE,19
0.4,0.4,2.4,1.02141248180865,1.00116896778176,0.532846715328467,69,0.973333333333333,7,0.0433526011560694,NA,NA,NA,NA,379,TRUE,TRUE,TRUE,19
0.4,0.4,2.5,1.02141248180865,1.00116896778176,0.532846715328467,69,0.973333333333333,7,0.0433526011560694,NA,NA,NA,NA,379,TRUE,TRUE,TRUE,19
0.4,0.4,2.6,1.02141248180865,1.00116896778176,0.532846715328467,69,0.973333333333333,7,0.0433526011560694,NA,NA,NA,NA,379,TRUE,TRUE,TRUE,19
0.4,0.4,2.7,1.02141248180865,1.00116896778176,0.54014598540146,68,0.986666666666667,6,0.0433526011560694,NA,NA,NA,NA,379,TRUE,TRUE,TRUE,19
0.4,0.4,1,1.02141248180865,1.00116896778176,0.0072992700729927,NA,0.0133333333333333,NA,0.0433526011560694,NA,NA,NA,NA,379,TRUE,TRUE,TRUE,19
0.4,0.4,1.1,1.02141248180865,1.00116896778176,0.0510948905109489,NA,0.0933333333333333,NA,0.0433526011560694,NA,NA,NA,NA,379,TRUE,TRUE,TRUE,19
0.4,0.4,1.2,1.02141248180865,1.00116896778176,0.160583941605839,69,0.293333333333333,7,0.0433526011560694,NA,NA,NA,NA,379,TRUE,TRUE,TRUE,19
0.4,0.4,1.5,1.02141248180865,1.00116896778176,0.430656934306569,69,0.786666666666667,7,0.0433526011560694,NA,NA,NA,NA,379,TRUE,TRUE,TRUE,19
0.4,0.4,1.7,1.02141248180865,1.00116896778176,0.518248175182482,69,0.946666666666667,7,0.0433526011560694,NA,NA,NA,NA,379,TRUE,TRUE,TRUE,19
0.4,0.4,1.9,1.02141248180865,1.00116896778176,0.532846715328467,69,0.973333333333333,7,0.0433526011560694,NA,NA,NA,NA,379,TRUE,TRUE,TRUE,19
0.4,0.4,2,1.02141248180865,1.00116896778176,0.532846715328467,69,0.973333333333333,7,0.0433526011560694,NA,NA,NA,NA,379,TRUE,TRUE,TRUE,19
0.4,0.4,2.1,1.02141248180865,1.00116896778176,0.532846715328467,69,0.973333333333333,7,0.0433526011560694,NA,NA,NA,NA,379,TRUE,TRUE,TRUE,19
0.4,0.4,2.2,1.02141248180865,1.00116896778176,0.532846715328467,69,0.973333333333333,7,0.0433526011560694,NA,NA,NA,NA,379,TRUE,TRUE,TRUE,19
0.4,0.4,2.8,1.02141248180865,1.00116896778176,0.532846715328467,69,0.973333333333333,7,0.0433526011560694,NA,NA,NA,NA,379,TRUE,TRUE,TRUE,19
0.4,0.4,2.9,1.02141248180865,1.00116896778176,0.532846715328467,69,0.973333333333333,7,0.0433526011560694,NA,NA,NA,NA,379,TRUE,TRUE,TRUE,19
0.4,0.4,3,1.02141248180865,1.00116896778176,0.54014598540146,68,0.986666666666667,6,0.0433526011560694,NA,NA,NA,NA,379,TRUE,TRUE,TRUE,19
0.4,0.5,2.2,1.02304400029228,1.00054036256178,0.532846715328467,69,0.973333333333333,7,0.0433526011560694,NA,NA,NA,NA,400,TRUE,TRUE,TRUE,20
0.4,0.5,1.6,1.02304400029228,1.00054036256178,0.489051094890511,69,0.893333333333333,7,0.0433526011560694,NA,NA,NA,NA,400,TRUE,TRUE,TRUE,20
0.4,0.5,1.7,1.02304400029228,1.00054036256178,0.518248175182482,69,0.946666666666667,7,0.0433526011560694,NA,NA,NA,NA,400,TRUE,TRUE,TRUE,20
0.4,0.5,1.9,1.02304400029228,1.00054036256178,0.532846715328467,69,0.973333333333333,7,0.0433526011560694,NA,NA,NA,NA,400,TRUE,TRUE,TRUE,20
0.4,0.5,1.5,1.02304400029228,1.00054036256178,0.423357664233577,69,0.773333333333333,7,0.0433526011560694,NA,NA,NA,NA,400,TRUE,TRUE,TRUE,20
0.4,0.5,1.8,1.02304400029228,1.00054036256178,0.532846715328467,69,0.973333333333333,7,0.0433526011560694,NA,NA,NA,NA,400,TRUE,TRUE,TRUE,20
0.4,0.5,2.5,1.02304400029228,1.00054036256178,0.532846715328467,69,0.973333333333333,7,0.0433526011560694,NA,NA,NA,NA,400,TRUE,TRUE,TRUE,20
0.4,0.5,2.7,1.02304400029228,1.00054036256178,0.54014598540146,68,0.986666666666667,6,0.0433526011560694,NA,NA,NA,NA,400,TRUE,TRUE,TRUE,20
0.4,0.5,3,1.02304400029228,1.00054036256178,0.54014598540146,68,0.986666666666667,6,0.0433526011560694,NA,NA,NA,NA,400,TRUE,TRUE,TRUE,20
0.4,0.5,2.4,1.02304400029228,1.00054036256178,0.532846715328467,69,0.973333333333333,7,0.0433526011560694,NA,NA,NA,NA,400,TRUE,TRUE,TRUE,20
0.4,0.5,2.6,1.02304400029228,1.00054036256178,0.532846715328467,69,0.973333333333333,7,0.0433526011560694,NA,NA,NA,NA,400,TRUE,TRUE,TRUE,20
0.4,0.5,2.8,1.02304400029228,1.00054036256178,0.54014598540146,68,0.986666666666667,6,0.0433526011560694,NA,NA,NA,NA,400,TRUE,TRUE,TRUE,20
0.4,0.5,2.9,1.02304400029228,1.00054036256178,0.54014598540146,68,0.986666666666667,6,0.0433526011560694,NA,NA,NA,NA,400,TRUE,TRUE,TRUE,20
0.4,0.5,1.3,1.02304400029228,1.00054036256178,0.211678832116788,71,0.386666666666667,9,0.0433526011560694,NA,NA,NA,NA,400,TRUE,TRUE,TRUE,20
0.4,0.5,1,1.02304400029228,1.00054036256178,0.0072992700729927,NA,0.0133333333333333,NA,0.0433526011560694,NA,NA,NA,NA,400,TRUE,TRUE,TRUE,20
0.4,0.5,1.1,1.02304400029228,1.00054036256178,0.0364963503649635,NA,0.0666666666666667,NA,0.0433526011560694,NA,NA,NA,NA,400,TRUE,TRUE,TRUE,20
0.4,0.5,1.2,1.02304400029228,1.00054036256178,0.131386861313869,71,0.24,9,0.0433526011560694,NA,NA,NA,NA,400,TRUE,TRUE,TRUE,20
0.4,0.5,2.3,1.02304400029228,1.00054036256178,0.532846715328467,69,0.973333333333333,7,0.0433526011560694,NA,NA,NA,NA,400,TRUE,TRUE,TRUE,20
0.4,0.5,1.4,1.02304400029228,1.00054036256178,0.343065693430657,71,0.626666666666667,9,0.0433526011560694,NA,NA,NA,NA,400,TRUE,TRUE,TRUE,20
0.4,0.5,2,1.02304400029228,1.00054036256178,0.532846715328467,69,0.973333333333333,7,0.0433526011560694,NA,NA,NA,NA,400,TRUE,TRUE,TRUE,20
0.4,0.5,2.1,1.02304400029228,1.00054036256178,0.532846715328467,69,0.973333333333333,7,0.0433526011560694,NA,NA,NA,NA,400,TRUE,TRUE,TRUE,20
0.5,0.1,1.4,1.0151700866798,1.0013593879208,0.408759124087591,69,0.746666666666667,7,0.0404624277456647,NA,NA,NA,NA,421,TRUE,TRUE,TRUE,21
0.5,0.1,1.2,1.0151700866798,1.0013593879208,0.167883211678832,71,0.306666666666667,9,0.0404624277456647,NA,NA,NA,NA,421,TRUE,TRUE,TRUE,21
0.5,0.1,2.1,1.0151700866798,1.0013593879208,0.532846715328467,69,0.973333333333333,7,0.0404624277456647,NA,NA,NA,NA,421,TRUE,TRUE,TRUE,21
0.5,0.1,2.3,1.0151700866798,1.0013593879208,0.532846715328467,69,0.973333333333333,7,0.0404624277456647,NA,NA,NA,NA,421,TRUE,TRUE,TRUE,21
0.5,0.1,2.5,1.0151700866798,1.0013593879208,0.532846715328467,69,0.973333333333333,7,0.0404624277456647,NA,NA,NA,NA,421,TRUE,TRUE,TRUE,21
0.5,0.1,1,1.0151700866798,1.0013593879208,0,NA,0,NA,0.0404624277456647,NA,NA,NA,NA,421,TRUE,TRUE,TRUE,21
0.5,0.1,1.1,1.0151700866798,1.0013593879208,0.116788321167883,94,0.213333333333333,32,0.0404624277456647,NA,NA,NA,NA,421,TRUE,TRUE,TRUE,21
0.5,0.1,1.3,1.0151700866798,1.0013593879208,0.299270072992701,71,0.546666666666667,9,0.0404624277456647,NA,NA,NA,NA,421,TRUE,TRUE,TRUE,21
0.5,0.1,1.5,1.0151700866798,1.0013593879208,0.452554744525547,69,0.826666666666667,7,0.0404624277456647,NA,NA,NA,NA,421,TRUE,TRUE,TRUE,21
0.5,0.1,1.6,1.0151700866798,1.0013593879208,0.503649635036496,69,0.92,7,0.0404624277456647,NA,NA,NA,NA,421,TRUE,TRUE,TRUE,21
0.5,0.1,1.7,1.0151700866798,1.0013593879208,0.510948905109489,69,0.933333333333333,7,0.0404624277456647,NA,NA,NA,NA,421,TRUE,TRUE,TRUE,21
0.5,0.1,1.8,1.0151700866798,1.0013593879208,0.532846715328467,69,0.973333333333333,7,0.0404624277456647,NA,NA,NA,NA,421,TRUE,TRUE,TRUE,21
0.5,0.1,1.9,1.0151700866798,1.0013593879208,0.532846715328467,69,0.973333333333333,7,0.0404624277456647,NA,NA,NA,NA,421,TRUE,TRUE,TRUE,21
0.5,0.1,2,1.0151700866798,1.0013593879208,0.532846715328467,69,0.973333333333333,7,0.0404624277456647,NA,NA,NA,NA,421,TRUE,TRUE,TRUE,21
0.5,0.1,2.2,1.0151700866798,1.0013593879208,0.532846715328467,69,0.973333333333333,7,0.0404624277456647,NA,NA,NA,NA,421,TRUE,TRUE,TRUE,21
0.5,0.1,2.4,1.0151700866798,1.0013593879208,0.532846715328467,69,0.973333333333333,7,0.0404624277456647,NA,NA,NA,NA,421,TRUE,TRUE,TRUE,21
0.5,0.1,2.6,1.0151700866798,1.0013593879208,0.532846715328467,69,0.973333333333333,7,0.0404624277456647,NA,NA,NA,NA,421,TRUE,TRUE,TRUE,21
0.5,0.1,2.7,1.0151700866798,1.0013593879208,0.54014598540146,68,0.986666666666667,6,0.0404624277456647,NA,NA,NA,NA,421,TRUE,TRUE,TRUE,21
0.5,0.1,2.8,1.0151700866798,1.0013593879208,0.54014598540146,68,0.986666666666667,6,0.0404624277456647,NA,NA,NA,NA,421,TRUE,TRUE,TRUE,21
0.5,0.1,2.9,1.0151700866798,1.0013593879208,0.54014598540146,68,0.986666666666667,6,0.0404624277456647,NA,NA,NA,NA,421,TRUE,TRUE,TRUE,21
0.5,0.1,3,1.0151700866798,1.0013593879208,0.532846715328467,69,0.973333333333333,7,0.0404624277456647,NA,NA,NA,NA,421,TRUE,TRUE,TRUE,21
0.5,0.2,1,1.01569404072404,1.0018634892357,0.0145985401459854,NA,0.0266666666666667,NA,0.0433526011560694,NA,NA,NA,NA,442,TRUE,TRUE,TRUE,22
0.5,0.2,1.1,1.01569404072404,1.0018634892357,0.0802919708029197,71,0.146666666666667,9,0.0433526011560694,NA,NA,NA,NA,442,TRUE,TRUE,TRUE,22
0.5,0.2,1.2,1.01569404072404,1.0018634892357,0.153284671532847,71,0.28,9,0.0433526011560694,NA,NA,NA,NA,442,TRUE,TRUE,TRUE,22
0.5,0.2,1.3,1.01569404072404,1.0018634892357,0.284671532846715,71,0.52,9,0.0433526011560694,NA,NA,NA,NA,442,TRUE,TRUE,TRUE,22
0.5,0.2,1.4,1.01569404072404,1.0018634892357,0.386861313868613,69,0.706666666666667,7,0.0433526011560694,NA,NA,NA,NA,442,TRUE,TRUE,TRUE,22
0.5,0.2,1.5,1.01569404072404,1.0018634892357,0.467153284671533,69,0.853333333333333,7,0.0433526011560694,NA,NA,NA,NA,442,TRUE,TRUE,TRUE,22
0.5,0.2,1.6,1.01569404072404,1.0018634892357,0.503649635036496,69,0.92,7,0.0433526011560694,NA,NA,NA,NA,442,TRUE,TRUE,TRUE,22
0.5,0.2,1.7,1.01569404072404,1.0018634892357,0.518248175182482,69,0.946666666666667,7,0.0433526011560694,NA,NA,NA,NA,442,TRUE,TRUE,TRUE,22
0.5,0.2,1.8,1.01569404072404,1.0018634892357,0.532846715328467,69,0.973333333333333,7,0.0433526011560694,NA,NA,NA,NA,442,TRUE,TRUE,TRUE,22
0.5,0.2,1.9,1.01569404072404,1.0018634892357,0.532846715328467,69,0.973333333333333,7,0.0433526011560694,NA,NA,NA,NA,442,TRUE,TRUE,TRUE,22
0.5,0.2,2,1.01569404072404,1.0018634892357,0.532846715328467,69,0.973333333333333,7,0.0433526011560694,NA,NA,NA,NA,442,TRUE,TRUE,TRUE,22
0.5,0.2,2.1,1.01569404072404,1.0018634892357,0.532846715328467,69,0.973333333333333,7,0.0433526011560694,NA,NA,NA,NA,442,TRUE,TRUE,TRUE,22
0.5,0.2,2.2,1.01569404072404,1.0018634892357,0.532846715328467,69,0.973333333333333,7,0.0433526011560694,NA,NA,NA,NA,442,TRUE,TRUE,TRUE,22
0.5,0.2,2.3,1.01569404072404,1.0018634892357,0.532846715328467,69,0.973333333333333,7,0.0433526011560694,NA,NA,NA,NA,442,TRUE,TRUE,TRUE,22
0.5,0.2,2.4,1.01569404072404,1.0018634892357,0.532846715328467,69,0.973333333333333,7,0.0433526011560694,NA,NA,NA,NA,442,TRUE,TRUE,TRUE,22
0.5,0.2,2.5,1.01569404072404,1.0018634892357,0.532846715328467,69,0.973333333333333,7,0.0433526011560694,NA,NA,NA,NA,442,TRUE,TRUE,TRUE,22
0.5,0.2,2.6,1.01569404072404,1.0018634892357,0.532846715328467,69,0.973333333333333,7,0.0433526011560694,NA,NA,NA,NA,442,TRUE,TRUE,TRUE,22
0.5,0.2,2.7,1.01569404072404,1.0018634892357,0.532846715328467,69,0.973333333333333,7,0.0433526011560694,NA,NA,NA,NA,442,TRUE,TRUE,TRUE,22
0.5,0.2,2.8,1.01569404072404,1.0018634892357,0.532846715328467,69,0.973333333333333,7,0.0433526011560694,NA,NA,NA,NA,442,TRUE,TRUE,TRUE,22
0.5,0.2,2.9,1.01569404072404,1.0018634892357,0.54014598540146,68,0.986666666666667,6,0.0433526011560694,NA,NA,NA,NA,442,TRUE,TRUE,TRUE,22
0.5,0.2,3,1.01569404072404,1.0018634892357,0.54014598540146,68,0.986666666666667,6,0.0433526011560694,NA,NA,NA,NA,442,TRUE,TRUE,TRUE,22
0.5,0.3,1,1.00647220572927,1.00084349000277,0.0072992700729927,NA,0.0133333333333333,NA,0.0433526011560694,NA,NA,NA,NA,463,TRUE,TRUE,TRUE,23
0.5,0.3,1.1,1.00647220572927,1.00084349000277,0.0656934306569343,129,0.12,67,0.0433526011560694,NA,NA,NA,NA,463,TRUE,TRUE,TRUE,23
0.5,0.3,1.2,1.00647220572927,1.00084349000277,0.167883211678832,71,0.306666666666667,9,0.0433526011560694,NA,NA,NA,NA,463,TRUE,TRUE,TRUE,23
0.5,0.3,1.3,1.00647220572927,1.00084349000277,0.306569343065693,69,0.56,7,0.0433526011560694,NA,NA,NA,NA,463,TRUE,TRUE,TRUE,23
0.5,0.3,1.4,1.00647220572927,1.00084349000277,0.364963503649635,69,0.666666666666667,7,0.0433526011560694,NA,NA,NA,NA,463,TRUE,TRUE,TRUE,23
0.5,0.3,1.5,1.00647220572927,1.00084349000277,0.437956204379562,69,0.8,7,0.0433526011560694,NA,NA,NA,NA,463,TRUE,TRUE,TRUE,23
0.5,0.3,1.6,1.00647220572927,1.00084349000277,0.496350364963504,69,0.906666666666667,7,0.0433526011560694,NA,NA,NA,NA,463,TRUE,TRUE,TRUE,23
0.5,0.3,1.7,1.00647220572927,1.00084349000277,0.518248175182482,69,0.946666666666667,7,0.0433526011560694,NA,NA,NA,NA,463,TRUE,TRUE,TRUE,23
0.5,0.3,1.8,1.00647220572927,1.00084349000277,0.532846715328467,69,0.973333333333333,7,0.0433526011560694,NA,NA,NA,NA,463,TRUE,TRUE,TRUE,23
0.5,0.3,1.9,1.00647220572927,1.00084349000277,0.532846715328467,69,0.973333333333333,7,0.0433526011560694,NA,NA,NA,NA,463,TRUE,TRUE,TRUE,23
0.5,0.3,2,1.00647220572927,1.00084349000277,0.532846715328467,69,0.973333333333333,7,0.0433526011560694,NA,NA,NA,NA,463,TRUE,TRUE,TRUE,23
0.5,0.3,2.1,1.00647220572927,1.00084349000277,0.532846715328467,69,0.973333333333333,7,0.0433526011560694,NA,NA,NA,NA,463,TRUE,TRUE,TRUE,23
0.5,0.3,2.2,1.00647220572927,1.00084349000277,0.532846715328467,69,0.973333333333333,7,0.0433526011560694,NA,NA,NA,NA,463,TRUE,TRUE,TRUE,23
0.5,0.3,2.3,1.00647220572927,1.00084349000277,0.532846715328467,69,0.973333333333333,7,0.0433526011560694,NA,NA,NA,NA,463,TRUE,TRUE,TRUE,23
0.5,0.3,2.4,1.00647220572927,1.00084349000277,0.532846715328467,69,0.973333333333333,7,0.0433526011560694,NA,NA,NA,NA,463,TRUE,TRUE,TRUE,23
0.5,0.3,2.5,1.00647220572927,1.00084349000277,0.532846715328467,69,0.973333333333333,7,0.0433526011560694,NA,NA,NA,NA,463,TRUE,TRUE,TRUE,23
0.5,0.3,2.6,1.00647220572927,1.00084349000277,0.532846715328467,69,0.973333333333333,7,0.0433526011560694,NA,NA,NA,NA,463,TRUE,TRUE,TRUE,23
0.5,0.3,2.7,1.00647220572927,1.00084349000277,0.532846715328467,69,0.973333333333333,7,0.0433526011560694,NA,NA,NA,NA,463,TRUE,TRUE,TRUE,23
0.5,0.3,2.8,1.00647220572927,1.00084349000277,0.54014598540146,68,0.986666666666667,6,0.0433526011560694,NA,NA,NA,NA,463,TRUE,TRUE,TRUE,23
0.5,0.3,2.9,1.00647220572927,1.00084349000277,0.54014598540146,68,0.986666666666667,6,0.0433526011560694,NA,NA,NA,NA,463,TRUE,TRUE,TRUE,23
0.5,0.3,3,1.00647220572927,1.00084349000277,0.54014598540146,68,0.986666666666667,6,0.0433526011560694,NA,NA,NA,NA,463,TRUE,TRUE,TRUE,23
0.5,0.4,1,1.00938613458518,1.00271695420123,0.0072992700729927,NA,0.0133333333333333,NA,0.0433526011560694,NA,NA,NA,NA,484,TRUE,TRUE,TRUE,24
0.5,0.4,1.9,1.00938613458518,1.00271695420123,0.532846715328467,69,0.973333333333333,7,0.0433526011560694,NA,NA,NA,NA,484,TRUE,TRUE,TRUE,24
0.5,0.4,2.8,1.00938613458518,1.00271695420123,0.532846715328467,69,0.973333333333333,7,0.0433526011560694,NA,NA,NA,NA,484,TRUE,TRUE,TRUE,24
0.5,0.4,2.2,1.00938613458518,1.00271695420123,0.532846715328467,69,0.973333333333333,7,0.0433526011560694,NA,NA,NA,NA,484,TRUE,TRUE,TRUE,24
0.5,0.4,1.2,1.00938613458518,1.00271695420123,0.153284671532847,71,0.28,9,0.0433526011560694,NA,NA,NA,NA,484,TRUE,TRUE,TRUE,24
0.5,0.4,1.7,1.00938613458518,1.00271695420123,0.518248175182482,69,0.946666666666667,7,0.0433526011560694,NA,NA,NA,NA,484,TRUE,TRUE,TRUE,24
0.5,0.4,2.1,1.00938613458518,1.00271695420123,0.532846715328467,69,0.973333333333333,7,0.0433526011560694,NA,NA,NA,NA,484,TRUE,TRUE,TRUE,24
0.5,0.4,2.4,1.00938613458518,1.00271695420123,0.532846715328467,69,0.973333333333333,7,0.0433526011560694,NA,NA,NA,NA,484,TRUE,TRUE,TRUE,24
0.5,0.4,2.6,1.00938613458518,1.00271695420123,0.532846715328467,69,0.973333333333333,7,0.0433526011560694,NA,NA,NA,NA,484,TRUE,TRUE,TRUE,24
0.5,0.4,1.1,1.00938613458518,1.00271695420123,0.0583941605839416,NA,0.106666666666667,NA,0.0433526011560694,NA,NA,NA,NA,484,TRUE,TRUE,TRUE,24
0.5,0.4,1.3,1.00938613458518,1.00271695420123,0.240875912408759,71,0.44,9,0.0433526011560694,NA,NA,NA,NA,484,TRUE,TRUE,TRUE,24
0.5,0.4,1.4,1.00938613458518,1.00271695420123,0.372262773722628,69,0.68,7,0.0433526011560694,NA,NA,NA,NA,484,TRUE,TRUE,TRUE,24
0.5,0.4,1.5,1.00938613458518,1.00271695420123,0.437956204379562,69,0.8,7,0.0433526011560694,NA,NA,NA,NA,484,TRUE,TRUE,TRUE,24
0.5,0.4,1.6,1.00938613458518,1.00271695420123,0.496350364963504,69,0.906666666666667,7,0.0433526011560694,NA,NA,NA,NA,484,TRUE,TRUE,TRUE,24
0.5,0.4,1.8,1.00938613458518,1.00271695420123,0.532846715328467,69,0.973333333333333,7,0.0433526011560694,NA,NA,NA,NA,484,TRUE,TRUE,TRUE,24
0.5,0.4,2,1.00938613458518,1.00271695420123,0.532846715328467,69,0.973333333333333,7,0.0433526011560694,NA,NA,NA,NA,484,TRUE,TRUE,TRUE,24
0.5,0.4,2.9,1.00938613458518,1.00271695420123,0.532846715328467,69,0.973333333333333,7,0.0433526011560694,NA,NA,NA,NA,484,TRUE,TRUE,TRUE,24
0.5,0.4,2.3,1.00938613458518,1.00271695420123,0.532846715328467,69,0.973333333333333,7,0.0433526011560694,NA,NA,NA,NA,484,TRUE,TRUE,TRUE,24
0.5,0.4,2.5,1.00938613458518,1.00271695420123,0.532846715328467,69,0.973333333333333,7,0.0433526011560694,NA,NA,NA,NA,484,TRUE,TRUE,TRUE,24
0.5,0.4,2.7,1.00938613458518,1.00271695420123,0.532846715328467,69,0.973333333333333,7,0.0433526011560694,NA,NA,NA,NA,484,TRUE,TRUE,TRUE,24
0.5,0.4,3,1.00938613458518,1.00271695420123,0.532846715328467,69,0.973333333333333,7,0.0433526011560694,NA,NA,NA,NA,484,TRUE,TRUE,TRUE,24
0.5,0.5,1.2,1.01615511214196,1.00209390745016,0.138686131386861,71,0.253333333333333,9,0.0433526011560694,NA,NA,NA,NA,505,TRUE,TRUE,TRUE,25
0.5,0.5,1,1.01615511214196,1.00209390745016,0.0072992700729927,NA,0.0133333333333333,NA,0.0433526011560694,NA,NA,NA,NA,505,TRUE,TRUE,TRUE,25
0.5,0.5,1.1,1.01615511214196,1.00209390745016,0.0510948905109489,NA,0.0933333333333333,NA,0.0433526011560694,NA,NA,NA,NA,505,TRUE,TRUE,TRUE,25
0.5,0.5,1.3,1.01615511214196,1.00209390745016,0.218978102189781,71,0.4,9,0.0433526011560694,NA,NA,NA,NA,505,TRUE,TRUE,TRUE,25
0.5,0.5,1.4,1.01615511214196,1.00209390745016,0.35036496350365,69,0.64,7,0.0433526011560694,NA,NA,NA,NA,505,TRUE,TRUE,TRUE,25
0.5,0.5,1.5,1.01615511214196,1.00209390745016,0.416058394160584,69,0.76,7,0.0433526011560694,NA,NA,NA,NA,505,TRUE,TRUE,TRUE,25
0.5,0.5,1.6,1.01615511214196,1.00209390745016,0.489051094890511,69,0.893333333333333,7,0.0433526011560694,NA,NA,NA,NA,505,TRUE,TRUE,TRUE,25
0.5,0.5,1.7,1.01615511214196,1.00209390745016,0.518248175182482,69,0.946666666666667,7,0.0433526011560694,NA,NA,NA,NA,505,TRUE,TRUE,TRUE,25
0.5,0.5,1.8,1.01615511214196,1.00209390745016,0.525547445255474,69,0.96,7,0.0433526011560694,NA,NA,NA,NA,505,TRUE,TRUE,TRUE,25
0.5,0.5,1.9,1.01615511214196,1.00209390745016,0.532846715328467,69,0.973333333333333,7,0.0433526011560694,NA,NA,NA,NA,505,TRUE,TRUE,TRUE,25
0.5,0.5,2,1.01615511214196,1.00209390745016,0.532846715328467,69,0.973333333333333,7,0.0433526011560694,NA,NA,NA,NA,505,TRUE,TRUE,TRUE,25
0.5,0.5,2.1,1.01615511214196,1.00209390745016,0.532846715328467,69,0.973333333333333,7,0.0433526011560694,NA,NA,NA,NA,505,TRUE,TRUE,TRUE,25
0.5,0.5,2.2,1.01615511214196,1.00209390745016,0.532846715328467,69,0.973333333333333,7,0.0433526011560694,NA,NA,NA,NA,505,TRUE,TRUE,TRUE,25
0.5,0.5,2.3,1.01615511214196,1.00209390745016,0.532846715328467,69,0.973333333333333,7,0.0433526011560694,NA,NA,NA,NA,505,TRUE,TRUE,TRUE,25
0.5,0.5,2.4,1.01615511214196,1.00209390745016,0.532846715328467,69,0.973333333333333,7,0.0433526011560694,NA,NA,NA,NA,505,TRUE,TRUE,TRUE,25
0.5,0.5,2.5,1.01615511214196,1.00209390745016,0.532846715328467,69,0.973333333333333,7,0.0433526011560694,NA,NA,NA,NA,505,TRUE,TRUE,TRUE,25
0.5,0.5,2.6,1.01615511214196,1.00209390745016,0.532846715328467,69,0.973333333333333,7,0.0433526011560694,NA,NA,NA,NA,505,TRUE,TRUE,TRUE,25
0.5,0.5,2.7,1.01615511214196,1.00209390745016,0.532846715328467,69,0.973333333333333,7,0.0433526011560694,NA,NA,NA,NA,505,TRUE,TRUE,TRUE,25
0.5,0.5,2.8,1.01615511214196,1.00209390745016,0.532846715328467,69,0.973333333333333,7,0.0433526011560694,NA,NA,NA,NA,505,TRUE,TRUE,TRUE,25
0.5,0.5,2.9,1.01615511214196,1.00209390745016,0.54014598540146,68,0.986666666666667,6,0.0433526011560694,NA,NA,NA,NA,505,TRUE,TRUE,TRUE,25
0.5,0.5,3,1.01615511214196,1.00209390745016,0.54014598540146,68,0.986666666666667,6,0.0433526011560694,NA,NA,NA,NA,505,TRUE,TRUE,TRUE,25
